Team,Name,Season,AWS_temp
Atlanta Hawks,"Adams,Jaylen",2019,91.00000000000001
Atlanta Hawks,"Anderson,Justin",2019,107.55
Atlanta Hawks,"Babbitt,Luke",2018,114.94999999999999
Atlanta Hawks,"Bazemore,Kent",2018,587.6500000000002
Atlanta Hawks,"Bazemore,Kent",2019,446.69999999999993
Atlanta Hawks,"Belinelli,Marco",2018,306.59999999999997
Atlanta Hawks,"Bembry,DeAndre'",2018,120.39999999999999
Atlanta Hawks,"Bembry,DeAndre'",2019,515.1500000000001
Atlanta Hawks,"Bembry,DeAndre'",2020,219.70000000000007
Atlanta Hawks,"Brown,Charlie",2020,9.9
Atlanta Hawks,"Brussino,Nicolás",2018,-0.49999999999999994
Atlanta Hawks,"Carter,Vince",2019,294.45
Atlanta Hawks,"Carter,Vince",2020,131.09999999999997
Atlanta Hawks,"Cavanaugh,Tyler",2018,109.9
Atlanta Hawks,"Cleveland,Antonius",2018,8.0
Atlanta Hawks,"Collins,John",2018,582.4499999999999
Atlanta Hawks,"Collins,John",2019,731.85
Atlanta Hawks,"Collins,John",2020,556.3000000000001
Atlanta Hawks,"Crabbe,Allen",2020,70.25000000000001
Atlanta Hawks,"Davis,Deyonta",2019,31.499999999999996
Atlanta Hawks,"Dedmon,Dewayne",2018,470.15000000000015
Atlanta Hawks,"Dedmon,Dewayne",2019,506.2500000000002
Atlanta Hawks,"Dedmon,Dewayne",2020,49.65
Atlanta Hawks,"Delaney,Malcolm",2018,240.59999999999994
Atlanta Hawks,"Dorsey,Tyler",2018,176.10000000000002
Atlanta Hawks,"Dorsey,Tyler",2019,38.3
Atlanta Hawks,"Evans,Jeremy",2018,2.2
Atlanta Hawks,"Fernando,Bruno",2020,172.90000000000003
Atlanta Hawks,"Goodwin,Brandon",2020,108.50000000000001
Atlanta Hawks,"Graham,Treveon",2020,41.699999999999996
Atlanta Hawks,"Hamilton,Daniel",2019,46.45
Atlanta Hawks,"Huerter,Kevin",2019,472.35
Atlanta Hawks,"Huerter,Kevin",2020,421.9499999999999
Atlanta Hawks,"Humphries,Isaac",2019,0.9000000000000012
Atlanta Hawks,"Hunter,De'Andre",2020,373.4
Atlanta Hawks,"Johnson,B.J.",2019,11.5
Atlanta Hawks,"Jones,Damian",2020,212.60000000000002
Atlanta Hawks,"Lee,Damion",2018,83.75000000000001
Atlanta Hawks,"Len,Alex",2019,500.2000000000001
Atlanta Hawks,"Len,Alex",2020,234.99999999999994
Atlanta Hawks,"Lin,Jeremy",2019,365.8
Atlanta Hawks,"Magette,Josh",2018,49.300000000000004
Atlanta Hawks,"Morris,Jaylen",2018,18.300000000000004
Atlanta Hawks,"Muscala,Mike",2018,276.85
Atlanta Hawks,"Parker,Jabari",2020,283.25000000000006
Atlanta Hawks,"Parsons,Chandler",2020,9.9
Atlanta Hawks,"Plumlee,Miles",2018,231.35000000000005
Atlanta Hawks,"Plumlee,Miles",2019,60.5
Atlanta Hawks,"Poythress,Alex",2019,66.65
Atlanta Hawks,"Reddish,Cam",2020,327.35
Atlanta Hawks,"Schröder,Dennis",2018,695.3
Atlanta Hawks,"Sibert,Jordan",2019,1.9999999999999998
Atlanta Hawks,"Spellman,Omari",2019,197.75000000000003
Atlanta Hawks,"Taylor,Isaiah",2018,263.40000000000003
Atlanta Hawks,"Teague,Jeff",2020,146.5
Atlanta Hawks,"Turner,Evan",2020,63.5
Atlanta Hawks,"Wallace,Tyrone",2020,18.700000000000003
Atlanta Hawks,"Waller-Prince,Taurean",2018,721.9000000000001
Atlanta Hawks,"Waller-Prince,Taurean",2019,412.2500000000001
Atlanta Hawks,"Watson,Paul",2020,-2.299999999999999
Atlanta Hawks,"White,Andrew",2018,29.150000000000002
Atlanta Hawks,"Young,Trae",2019,1075.8500000000001
Atlanta Hawks,"Young,Trae",2020,1147.3999999999999
Atlanta Hawks,"Zeller,Tyler",2019,-0.30000000000000004
Atlanta Hawks,"İlyasova,Ersan",2018,302.7
Boston Celtics,"Allen,Kadeem",2018,13.200000000000001
Boston Celtics,"Baynes,Aron",2018,415.70000000000016
Boston Celtics,"Baynes,Aron",2019,225.70000000000002
Boston Celtics,"Bird,Jabari",2018,31.1
Boston Celtics,"Brown,Jaylen",2018,679.4500000000002
Boston Celtics,"Brown,Jaylen",2019,536.4000000000001
Boston Celtics,"Brown,Jaylen",2020,544.75
Boston Celtics,"Dozier,PJ",2019,12.05
Boston Celtics,"Eddie,Jarell",2018,-0.39999999999999997
Boston Celtics,"Edwards,Carsen",2020,45.6
Boston Celtics,"Fall,Tacko",2020,11.2
Boston Celtics,"Gibson,Jonathan",2018,17.1
Boston Celtics,"Green,Javonte",2020,91.54999999999998
Boston Celtics,"Hayward,Gordon",2018,0.10000000000000009
Boston Celtics,"Hayward,Gordon",2019,624.6499999999999
Boston Celtics,"Hayward,Gordon",2020,490.8500000000001
Boston Celtics,"Horford,Al",2018,969.3500000000004
Boston Celtics,"Horford,Al",2019,816.8999999999997
Boston Celtics,"Hunter,R.J.",2019,7.550000000000002
Boston Celtics,"Irving,Kyrie",2018,805.5500000000001
Boston Celtics,"Irving,Kyrie",2019,1098.75
Boston Celtics,"Kanter,Enes",2020,353.5000000000001
Boston Celtics,"Langford,Romeo",2020,30.950000000000003
Boston Celtics,"Larkin,Shane",2018,177.15000000000003
Boston Celtics,"Monroe,Greg",2018,263.05
Boston Celtics,"Monroe,Greg",2019,4.199999999999999
Boston Celtics,"Morris,Marcus",2018,427.35
Boston Celtics,"Morris,Marcus",2019,611.7500000000001
Boston Celtics,"Nader,Abdel",2018,83.65000000000002
Boston Celtics,"Ojeleye,Semi",2018,111.4
Boston Celtics,"Ojeleye,Semi",2019,94.54999999999998
Boston Celtics,"Ojeleye,Semi",2020,108.45
Boston Celtics,"Poirier,Vincent",2020,24.949999999999996
Boston Celtics,"Rozier,Terry",2018,723.4
Boston Celtics,"Rozier,Terry",2019,470.2
Boston Celtics,"Silas,Xavier",2018,-0.5999999999999999
Boston Celtics,"Smart,Marcus",2018,537.45
Boston Celtics,"Smart,Marcus",2019,617.25
Boston Celtics,"Smart,Marcus",2020,462.44999999999993
Boston Celtics,"Tatum,Jayson",2018,815.8
Boston Celtics,"Tatum,Jayson",2019,750.75
Boston Celtics,"Tatum,Jayson",2020,746.0000000000001
Boston Celtics,"Theis,Daniel",2018,267.09999999999997
Boston Celtics,"Theis,Daniel",2019,245.9000000000001
Boston Celtics,"Theis,Daniel",2020,391.04999999999995
Boston Celtics,"Walker,Kemba",2020,590.5000000000002
Boston Celtics,"Wanamaker,Brad",2019,100.04999999999998
Boston Celtics,"Wanamaker,Brad",2020,284.6
Boston Celtics,"Waters,Tremont",2020,21.100000000000005
Boston Celtics,"Williams,Grant",2020,156.00000000000003
Boston Celtics,"Williams,Robert",2019,90.89999999999998
Boston Celtics,"Williams,Robert",2020,118.35
Boston Celtics,"Yabusele,Guerschon",2018,54.449999999999996
Boston Celtics,"Yabusele,Guerschon",2019,65.10000000000001
Brooklyn Nets,"Acy,Quincy",2018,242.75000000000006
Brooklyn Nets,"Allen,Jarrett",2018,449.35
Brooklyn Nets,"Allen,Jarrett",2019,740.1000000000003
Brooklyn Nets,"Allen,Jarrett",2020,588.3
Brooklyn Nets,"Anderson,Justin",2020,-2.249999999999999
Brooklyn Nets,"Booker,Trevor",2018,123.14999999999999
Brooklyn Nets,"Carroll,DeMarre",2018,575.4000000000001
Brooklyn Nets,"Carroll,DeMarre",2019,399.6
Brooklyn Nets,"Chandler,Wilson",2020,127.54999999999998
Brooklyn Nets,"Chiozza,Chris",2020,43.800000000000004
Brooklyn Nets,"Claxton,Nicolas",2020,47.5
Brooklyn Nets,"Crabbe,Allen",2018,470.89999999999986
Brooklyn Nets,"Crabbe,Allen",2019,183.34999999999994
Brooklyn Nets,"Creek,Mitch",2019,10.3
Brooklyn Nets,"Cunningham,Dante",2018,111.65
Brooklyn Nets,"Davis,Ed",2019,470.69999999999993
Brooklyn Nets,"Dinwiddie,Spencer",2018,666.9
Brooklyn Nets,"Dinwiddie,Spencer",2019,638.25
Brooklyn Nets,"Dinwiddie,Spencer",2020,697.5500000000001
Brooklyn Nets,"Doyle,Milton",2018,7.900000000000003
Brooklyn Nets,"Dudley,Jared",2019,199.9
Brooklyn Nets,"Ellenson,Henry",2020,-1.6999999999999995
Brooklyn Nets,"Faried,Kenneth",2019,42.9
Brooklyn Nets,"Graham,Treveon",2019,78.64999999999999
Brooklyn Nets,"Harris,Joe",2018,492.4
Brooklyn Nets,"Harris,Joe",2019,638.5500000000003
Brooklyn Nets,"Harris,Joe",2020,487.15000000000015
Brooklyn Nets,"Hollis-Jefferson,Rondae",2018,587.75
Brooklyn Nets,"Hollis-Jefferson,Rondae",2019,315.7000000000001
Brooklyn Nets,"Irving,Kyrie",2020,308.5000000000001
Brooklyn Nets,"Jordan,DeAndre",2020,489.85
Brooklyn Nets,"Kilpatrick,Sean",2018,34.150000000000006
Brooklyn Nets,"Kurucs,Rodions",2019,309.09999999999997
Brooklyn Nets,"Kurucs,Rodions",2020,111.2
Brooklyn Nets,"LeVert,Caris",2018,577.3
Brooklyn Nets,"LeVert,Caris",2019,366.40000000000003
Brooklyn Nets,"LeVert,Caris",2020,369.04999999999995
Brooklyn Nets,"Lin,Jeremy",2018,8.100000000000001
Brooklyn Nets,"Luwawu-Cabarrot,Timothé",2020,118.60000000000002
Brooklyn Nets,"Martin,Jeremiah",2020,1.3000000000000005
Brooklyn Nets,"McCall,Tahjere",2019,0.25000000000000033
Brooklyn Nets,"Mozgov,Timofey",2018,108.24999999999997
Brooklyn Nets,"Musa,Džanan",2019,10.300000000000002
Brooklyn Nets,"Musa,Džanan",2020,88.75
Brooklyn Nets,"Napier,Shabazz",2019,318.20000000000016
Brooklyn Nets,"Nwaba,David",2020,60.74999999999999
Brooklyn Nets,"Okafor,Jahlil",2018,84.30000000000001
Brooklyn Nets,"Pinson,Theo",2019,59.45000000000001
Brooklyn Nets,"Pinson,Theo",2020,69.94999999999997
Brooklyn Nets,"Russell,D'Angelo",2018,467.00000000000006
Brooklyn Nets,"Russell,D'Angelo",2019,1084.6500000000003
Brooklyn Nets,"Shumpert,Iman",2020,32.150000000000006
Brooklyn Nets,"Stauskas,Nik",2018,100.70000000000002
Brooklyn Nets,"Temple,Garrett",2020,309.0500000000001
Brooklyn Nets,"Waller-Prince,Taurean",2020,439.8
Brooklyn Nets,"Webb,James",2018,9.8
Brooklyn Nets,"Whitehead,Isaiah",2018,60.100000000000016
Brooklyn Nets,"Wiley,Jacob",2018,2.95
Brooklyn Nets,"Williams,Alan",2019,15.299999999999999
Brooklyn Nets,"Zeller,Tyler",2018,187.09999999999997
Charlotte Hornets,"Bacon,Dwayne",2018,80.15000000000002
Charlotte Hornets,"Bacon,Dwayne",2019,127.2
Charlotte Hornets,"Bacon,Dwayne",2020,99.89999999999999
Charlotte Hornets,"Batum,Nicolas",2018,602.9000000000001
Charlotte Hornets,"Batum,Nicolas",2019,595.4
Charlotte Hornets,"Batum,Nicolas",2020,104.55
Charlotte Hornets,"Biyombo,Bismack",2019,193.95000000000002
Charlotte Hornets,"Biyombo,Bismack",2020,276.49999999999994
Charlotte Hornets,"Bridges,Miles",2019,376.6500000000001
Charlotte Hornets,"Bridges,Miles",2020,452.24999999999994
Charlotte Hornets,"Carter-Williams,Michael",2018,186.00000000000003
Charlotte Hornets,"Chealey,Joe",2019,-0.39999999999999963
Charlotte Hornets,"Chealey,Joe",2020,1.6000000000000003
Charlotte Hornets,"Graham,Devonte'",2019,133.85000000000005
Charlotte Hornets,"Graham,Devonte'",2020,759.2000000000002
Charlotte Hornets,"Graham,Treveon",2018,151.80000000000004
Charlotte Hornets,"Hernangómez,Willy",2018,100.14999999999999
Charlotte Hornets,"Hernangómez,Willy",2019,305.3
Charlotte Hornets,"Hernangómez,Willy",2020,142.1
Charlotte Hornets,"Howard,Dwight",2018,958.8
Charlotte Hornets,"Kaminsky,Frank",2018,421.85
Charlotte Hornets,"Kaminsky,Frank",2019,226.70000000000002
Charlotte Hornets,"Kidd-Gilchrist,Michael",2018,334.70000000000016
Charlotte Hornets,"Kidd-Gilchrist,Michael",2019,245.90000000000006
Charlotte Hornets,"Kidd-Gilchrist,Michael",2020,19.900000000000006
Charlotte Hornets,"Lamb,Jeremy",2018,547.7500000000001
Charlotte Hornets,"Lamb,Jeremy",2019,623.9500000000002
Charlotte Hornets,"Mack,Shelvin",2019,0.3000000000000005
Charlotte Hornets,"Macura,J.P.",2019,0.7000000000000004
Charlotte Hornets,"Martin,Caleb",2020,72.60000000000001
Charlotte Hornets,"Martin,Cody",2020,194.94999999999996
Charlotte Hornets,"Mathiang,Mangok",2018,4.450000000000001
Charlotte Hornets,"McDaniels,Jalen",2020,56.550000000000004
Charlotte Hornets,"Monk,Malik",2018,167.89999999999998
Charlotte Hornets,"Monk,Malik",2019,311.00000000000006
Charlotte Hornets,"Monk,Malik",2020,299.3999999999999
Charlotte Hornets,"O'Bryant,Johnny",2018,68.0
Charlotte Hornets,"Paige,Marcus",2018,2.700000000000002
Charlotte Hornets,"Parker,Tony",2019,291.95
Charlotte Hornets,"Rozier,Terry",2020,640.8000000000001
Charlotte Hornets,"Stone,Julyan",2018,22.950000000000003
Charlotte Hornets,"Walker,Kemba",2018,980.2500000000001
Charlotte Hornets,"Walker,Kemba",2019,1125.0
Charlotte Hornets,"Washington,P.J.",2020,423.00000000000006
Charlotte Hornets,"Williams,Marvin",2018,485.75000000000006
Charlotte Hornets,"Williams,Marvin",2019,446.09999999999997
Charlotte Hornets,"Williams,Marvin",2020,161.55000000000004
Charlotte Hornets,"Zeller,Cody",2018,171.8
Charlotte Hornets,"Zeller,Cody",2019,365.8999999999999
Charlotte Hornets,"Zeller,Cody",2020,439.2499999999999
Chicago Bulls,"Alkins,Rawle",2019,25.1
Chicago Bulls,"Arcidiacono,Ryan",2018,53.15
Chicago Bulls,"Arcidiacono,Ryan",2019,401.7500000000001
Chicago Bulls,"Arcidiacono,Ryan",2020,168.6500000000001
Chicago Bulls,"Aşık,Ömer",2018,6.1499999999999995
Chicago Bulls,"Blakeney,Antonio",2018,47.350000000000016
Chicago Bulls,"Blakeney,Antonio",2019,143.95
Chicago Bulls,"Carter,Wendell",2019,298.6500000000001
Chicago Bulls,"Carter,Wendell",2020,363.59999999999997
Chicago Bulls,"Dunn,Kris",2018,505.9000000000002
Chicago Bulls,"Dunn,Kris",2019,369.59999999999997
Chicago Bulls,"Dunn,Kris",2020,313.1
Chicago Bulls,"Eddie,Jarell",2018,-0.7
Chicago Bulls,"Felder,Kay",2018,24.55
Chicago Bulls,"Felício,Cristiano",2018,236.05000000000004
Chicago Bulls,"Felício,Cristiano",2019,181.14999999999998
Chicago Bulls,"Felício,Cristiano",2020,96.25
Chicago Bulls,"Gafford,Daniel",2020,158.5
Chicago Bulls,"Grant,Jerian",2018,442.4
Chicago Bulls,"Harrison,Shaquille",2019,317.05
Chicago Bulls,"Harrison,Shaquille",2020,137.4
Chicago Bulls,"Holiday,Justin",2018,461.6500000000001
Chicago Bulls,"Holiday,Justin",2019,282.44999999999993
Chicago Bulls,"Hutchison,Chandler",2019,143.55
Chicago Bulls,"Hutchison,Chandler",2020,123.90000000000002
Chicago Bulls,"Kilpatrick,Sean",2018,65.6
Chicago Bulls,"Kornet,Luke",2020,107.69999999999997
Chicago Bulls,"LaVine,Zach",2018,170.50000000000003
Chicago Bulls,"LaVine,Zach",2019,824.15
Chicago Bulls,"LaVine,Zach",2020,844.5000000000002
Chicago Bulls,"Lemon,Walt",2019,47.85000000000001
Chicago Bulls,"Lopez,Robin",2018,455.8
Chicago Bulls,"Lopez,Robin",2019,449.30000000000007
Chicago Bulls,"Luwawu-Cabarrot,Timothé",2019,79.00000000000001
Chicago Bulls,"Markkanen,Lauri",2018,552.3000000000001
Chicago Bulls,"Markkanen,Lauri",2019,506.7500000000002
Chicago Bulls,"Markkanen,Lauri",2020,416.9499999999998
Chicago Bulls,"Mirotić,Nikola",2018,232.7
Chicago Bulls,"Mokoka,Adam",2020,11.4
Chicago Bulls,"Nwaba,David",2018,364.1999999999999
Chicago Bulls,"Parker,Jabari",2019,316.75000000000006
Chicago Bulls,"Payne,Cameron",2018,165.9
Chicago Bulls,"Payne,Cameron",2019,120.25
Chicago Bulls,"Pondexter,Quincy",2018,18.650000000000006
Chicago Bulls,"Porter,Otto",2019,160.15
Chicago Bulls,"Porter,Otto",2020,83.7
Chicago Bulls,"Portis,Bobby",2018,583.1
Chicago Bulls,"Portis,Bobby",2019,155.04999999999998
Chicago Bulls,"Sampson,Brandon",2019,40.900000000000006
Chicago Bulls,"Sampson,JaKarr",2019,42.7
Chicago Bulls,"Satoranský,Tomáš",2020,558.55
Chicago Bulls,"Selden,Wayne",2019,175.20000000000002
Chicago Bulls,"Strus,Max",2020,2.0
Chicago Bulls,"Valentine,Denzel",2018,500.55
Chicago Bulls,"Valentine,Denzel",2020,124.1
Chicago Bulls,"Vonleh,Noah",2018,106.60000000000001
Chicago Bulls,"White,Coby",2020,420.7500000000001
Chicago Bulls,"Young,Thaddeus",2020,455.1999999999999
Chicago Bulls,"Zipser,Paul",2018,113.29999999999998
Cleveland Cavaliers,"Adel,Deng",2019,13.300000000000002
Cleveland Cavaliers,"Blossomgame,Jaron",2019,78.35000000000001
Cleveland Cavaliers,"Burks,Alec",2019,234.25
Cleveland Cavaliers,"Calderón,José",2018,211.40000000000003
Cleveland Cavaliers,"Chriss,Marquese",2019,82.70000000000005
Cleveland Cavaliers,"Clarkson,Jordan",2018,184.20000000000002
Cleveland Cavaliers,"Clarkson,Jordan",2019,642.0999999999998
Cleveland Cavaliers,"Clarkson,Jordan",2020,217.70000000000002
Cleveland Cavaliers,"Cook,Tyler",2020,11.849999999999998
Cleveland Cavaliers,"Crowder,Jae",2018,224.1
Cleveland Cavaliers,"Dekker,Sam",2019,39.599999999999994
Cleveland Cavaliers,"Dellavedova,Matthew",2019,191.30000000000004
Cleveland Cavaliers,"Dellavedova,Matthew",2020,178.35000000000002
Cleveland Cavaliers,"Drummond,Andre",2020,109.75
Cleveland Cavaliers,"Exum,Dante",2020,92.75
Cleveland Cavaliers,"Frye,Channing",2018,125.35000000000002
Cleveland Cavaliers,"Frye,Channing",2019,54.95000000000001
Cleveland Cavaliers,"Garland,Darius",2020,427.65
Cleveland Cavaliers,"Green,Jeff",2018,498.6999999999998
Cleveland Cavaliers,"Harrison,Andrew",2019,20.700000000000006
Cleveland Cavaliers,"Henson,John",2020,122.3
Cleveland Cavaliers,"Hill,George",2018,232.0
Cleveland Cavaliers,"Hill,George",2019,84.95
Cleveland Cavaliers,"Holland,John",2018,26.700000000000003
Cleveland Cavaliers,"Hood,Rodney",2018,120.25000000000001
Cleveland Cavaliers,"Hood,Rodney",2019,228.3
Cleveland Cavaliers,"James,LeBron",2018,2190.350000000001
Cleveland Cavaliers,"Jones,Jalen",2019,39.5
Cleveland Cavaliers,"Knight,Brandon",2019,114.35000000000002
Cleveland Cavaliers,"Knight,Brandon",2020,39.95
Cleveland Cavaliers,"Korver,Kyle",2018,452.45000000000005
Cleveland Cavaliers,"Korver,Kyle",2019,63.95000000000001
Cleveland Cavaliers,"Love,Kevin",2018,827.5500000000002
Cleveland Cavaliers,"Love,Kevin",2019,220.24999999999994
Cleveland Cavaliers,"Love,Kevin",2020,687.5000000000003
Cleveland Cavaliers,"McCaw,Patrick",2019,4.5
Cleveland Cavaliers,"McKinnie,Alfonzo",2020,97.95
Cleveland Cavaliers,"Mooney,Matt",2020,1.2000000000000002
Cleveland Cavaliers,"Nance,Larry",2018,250.74999999999997
Cleveland Cavaliers,"Nance,Larry",2019,616.5000000000001
Cleveland Cavaliers,"Nance,Larry",2020,468.3
Cleveland Cavaliers,"Nwaba,David",2019,186.65000000000006
Cleveland Cavaliers,"Osman,Cedi",2018,141.45
Cleveland Cavaliers,"Osman,Cedi",2019,512.3
Cleveland Cavaliers,"Osman,Cedi",2020,404.45
Cleveland Cavaliers,"Payne,Cameron",2019,51.550000000000004
Cleveland Cavaliers,"Perkins,Kendrick",2018,3.2499999999999996
Cleveland Cavaliers,"Perrantes,London",2018,-1.799999999999999
Cleveland Cavaliers,"Porter,Kevin",2020,291.6
Cleveland Cavaliers,"Rose,Derrick",2018,79.3
Cleveland Cavaliers,"Sexton,Collin",2019,603.8500000000001
Cleveland Cavaliers,"Sexton,Collin",2020,644.65
Cleveland Cavaliers,"Shumpert,Iman",2018,47.5
Cleveland Cavaliers,"Simmons,Kobi",2019,0.0
Cleveland Cavaliers,"Smith,J.R.",2018,454.50000000000006
Cleveland Cavaliers,"Smith,J.R.",2019,35.800000000000004
Cleveland Cavaliers,"Stauskas,Nik",2019,66.95
Cleveland Cavaliers,"Thomas,Isaiah",2018,116.15
Cleveland Cavaliers,"Thompson,Tristan",2018,341.24999999999994
Cleveland Cavaliers,"Thompson,Tristan",2019,390.5
Cleveland Cavaliers,"Thompson,Tristan",2020,555.5000000000001
Cleveland Cavaliers,"Wade,Dean",2020,18.25
Cleveland Cavaliers,"Wade,Dwyane",2018,347.5
Cleveland Cavaliers,"Žižić,Ante",2018,81.60000000000002
Cleveland Cavaliers,"Žižić,Ante",2019,306.45
Cleveland Cavaliers,"Žižić,Ante",2020,60.25000000000001
Dallas Mavericks,"Antetokounmpo,Kostas",2019,1.5000000000000004
Dallas Mavericks,"Barea,J.J.",2018,600.6999999999998
Dallas Mavericks,"Barea,J.J.",2019,270.34999999999997
Dallas Mavericks,"Barea,J.J.",2020,133.05
Dallas Mavericks,"Barnes,Harrison",2018,671.1000000000003
Dallas Mavericks,"Barnes,Harrison",2019,357.55000000000007
Dallas Mavericks,"Broekhoff,Ryan",2019,92.1
Dallas Mavericks,"Broekhoff,Ryan",2020,45.150000000000006
Dallas Mavericks,"Brunson,Jalen",2019,386.65000000000015
Dallas Mavericks,"Brunson,Jalen",2020,300.7
Dallas Mavericks,"Burke,Trey",2019,129.60000000000002
Dallas Mavericks,"Cauley-Stein,Willie",2020,55.50000000000001
Dallas Mavericks,"Clavell,Gian",2018,9.100000000000001
Dallas Mavericks,"Cleveland,Antonius",2018,6.6
Dallas Mavericks,"Cleveland,Antonius",2020,1.7500000000000002
Dallas Mavericks,"Collinsworth,Kyle",2018,96.35
Dallas Mavericks,"Curry,Seth",2020,409.49999999999994
Dallas Mavericks,"Dončić,Luka",2019,1008.1500000000001
Dallas Mavericks,"Dončić,Luka",2020,1027.6999999999998
Dallas Mavericks,"Ferrell,Yogi",2018,440.94999999999993
Dallas Mavericks,"Finney-Smith,Dorian",2018,74.1
Dallas Mavericks,"Finney-Smith,Dorian",2019,410.0000000000001
Dallas Mavericks,"Finney-Smith,Dorian",2020,421.0500000000001
Dallas Mavericks,"Hardaway,Tim",2019,113.80000000000003
Dallas Mavericks,"Hardaway,Tim",2020,449.40000000000003
Dallas Mavericks,"Harris,Devin",2018,191.75000000000006
Dallas Mavericks,"Harris,Devin",2019,215.20000000000002
Dallas Mavericks,"Harrison,Aaron",2018,11.900000000000004
Dallas Mavericks,"Hopson,Scotty",2018,0.9500000000000001
Dallas Mavericks,"Jackson,Justin",2019,105.00000000000001
Dallas Mavericks,"Jackson,Justin",2020,130.0
Dallas Mavericks,"Jones,Jalen",2018,30.45
Dallas Mavericks,"Jordan,DeAndre",2019,600.65
Dallas Mavericks,"Kidd-Gilchrist,Michael",2020,10.0
Dallas Mavericks,"Kleber,Maxi",2018,244.6499999999999
Dallas Mavericks,"Kleber,Maxi",2019,354.9000000000001
Dallas Mavericks,"Kleber,Maxi",2020,390.3499999999999
Dallas Mavericks,"Lee,Courtney",2019,42.599999999999994
Dallas Mavericks,"Lee,Courtney",2020,68.65
Dallas Mavericks,"Macon,Daryl",2019,14.950000000000001
Dallas Mavericks,"Marjanović,Boban",2020,147.35000000000002
Dallas Mavericks,"Matthews,Wesley",2018,435.0000000000001
Dallas Mavericks,"Matthews,Wesley",2019,271.55000000000007
Dallas Mavericks,"McDermott,Doug",2018,115.4
Dallas Mavericks,"McRoberts,Josh",2018,-1.2
Dallas Mavericks,"Mejri,Salah",2018,218.90000000000003
Dallas Mavericks,"Mejri,Salah",2019,114.3
Dallas Mavericks,"Motley,Johnathan",2018,47.25
Dallas Mavericks,"Noel,Nerlens",2018,143.55
Dallas Mavericks,"Nowitzki,Dirk",2018,483.95000000000005
Dallas Mavericks,"Nowitzki,Dirk",2019,110.35000000000001
Dallas Mavericks,"Porziņģis,Kristaps",2020,526.85
Dallas Mavericks,"Powell,Dwight",2018,490.50000000000006
Dallas Mavericks,"Powell,Dwight",2019,540.3000000000002
Dallas Mavericks,"Powell,Dwight",2020,279.55
Dallas Mavericks,"Reaves,Josh",2020,-0.7
Dallas Mavericks,"Smith,Dennis",2018,597.35
Dallas Mavericks,"Smith,Dennis",2019,289.55
Dallas Mavericks,"Warney,Jameel",2018,8.6
Dallas Mavericks,"Withey,Jeff",2018,6.550000000000001
Dallas Mavericks,"Wright,Delon",2020,439.04999999999995
Denver Nuggets,"Akoon-Purcell,DeVaughn",2019,4.65
Denver Nuggets,"Arthur,Darrell",2018,36.85
Denver Nuggets,"Barton,Will",2018,791.6999999999999
Denver Nuggets,"Barton,Will",2019,326.25000000000006
Denver Nuggets,"Barton,Will",2020,544.8500000000001
Denver Nuggets,"Bates-Diop,Keita",2020,3.25
Denver Nuggets,"Beasley,Malik",2018,100.74999999999997
Denver Nuggets,"Beasley,Malik",2019,493.65
Denver Nuggets,"Beasley,Malik",2020,154.65000000000003
Denver Nuggets,"Chandler,Wilson",2018,475.09999999999997
Denver Nuggets,"Craig,Torrey",2018,107.75000000000001
Denver Nuggets,"Craig,Torrey",2019,323.2
Denver Nuggets,"Craig,Torrey",2020,143.95
Denver Nuggets,"Dozier,PJ",2020,39.099999999999994
Denver Nuggets,"Faried,Kenneth",2018,136.44999999999996
Denver Nuggets,"Goodwin,Brandon",2019,7.7
Denver Nuggets,"Grant,Jerami",2020,376.3999999999999
Denver Nuggets,"Harris,Devin",2018,117.45000000000002
Denver Nuggets,"Harris,Gary",2018,679.2000000000003
Denver Nuggets,"Harris,Gary",2019,439.59999999999997
Denver Nuggets,"Harris,Gary",2020,312.15000000000003
Denver Nuggets,"Hernangómez,Juan",2018,47.9
Denver Nuggets,"Hernangómez,Juan",2019,267.7000000000001
Denver Nuggets,"Hernangómez,Juan",2020,66.75000000000001
Denver Nuggets,"Jefferson,Richard",2018,17.250000000000004
Denver Nuggets,"Jokić,Nikola",2018,1149.75
Denver Nuggets,"Jokić,Nikola",2019,1577.8500000000004
Denver Nuggets,"Jokić,Nikola",2020,1039.0
Denver Nuggets,"Lydon,Tyler",2019,15.0
Denver Nuggets,"Lyles,Trey",2018,416.60000000000014
Denver Nuggets,"Lyles,Trey",2019,279.34999999999997
Denver Nuggets,"McRae,Jordan",2020,7.75
Denver Nuggets,"Millsap,Paul",2018,353.25
Denver Nuggets,"Millsap,Paul",2019,704.8999999999997
Denver Nuggets,"Millsap,Paul",2020,339.1499999999999
Denver Nuggets,"Morris,Monte",2018,11.200000000000001
Denver Nuggets,"Morris,Monte",2019,542.3000000000001
Denver Nuggets,"Morris,Monte",2020,344.84999999999985
Denver Nuggets,"Mudiay,Emmanuel",2018,220.25
Denver Nuggets,"Murray,Jamal",2018,779.3999999999999
Denver Nuggets,"Murray,Jamal",2019,893.4999999999997
Denver Nuggets,"Murray,Jamal",2020,602.0500000000001
Denver Nuggets,"Plumlee,Mason",2018,469.44999999999993
Denver Nuggets,"Plumlee,Mason",2019,663.4499999999997
Denver Nuggets,"Plumlee,Mason",2020,338.80000000000007
Denver Nuggets,"Porter,Michael",2020,221.6
Denver Nuggets,"Thomas,Isaiah",2019,37.900000000000006
Denver Nuggets,"Vanderbilt,Jarred",2019,25.900000000000002
Denver Nuggets,"Vanderbilt,Jarred",2020,14.599999999999998
Denver Nuggets,"Vonleh,Noah",2020,8.95
Denver Nuggets,"Welsh,Thomas",2019,9.05
Denver Nuggets,"Young,Nick",2019,3.5999999999999996
Denver Nuggets,"Čančar,Vlatko",2020,9.7
Detroit Pistons,"Bone,Jordan",2020,1.700000000000001
Detroit Pistons,"Bradley,Avery",2018,274.75
Detroit Pistons,"Brown,Bruce",2019,171.75000000000003
Detroit Pistons,"Brown,Bruce",2020,407.95
Detroit Pistons,"Bullock,Reggie",2018,382.7
Detroit Pistons,"Bullock,Reggie",2019,280.30000000000007
Detroit Pistons,"Buycks,Dwight",2018,118.15000000000003
Detroit Pistons,"Calderón,José",2019,109.19999999999999
Detroit Pistons,"Doumbouya,Sekou",2020,101.35000000000002
Detroit Pistons,"Drummond,Andre",2018,1145.0999999999997
Detroit Pistons,"Drummond,Andre",2019,1165.85
Detroit Pistons,"Drummond,Andre",2020,791.0
Detroit Pistons,"Ellenson,Henry",2018,70.19999999999999
Detroit Pistons,"Ellenson,Henry",2019,5.0
Detroit Pistons,"Ellington,Wayne",2019,182.70000000000005
Detroit Pistons,"Ennis,James",2018,95.00000000000001
Detroit Pistons,"Felder,Kay",2018,1.9000000000000001
Detroit Pistons,"Frazier,Tim",2020,100.14999999999999
Detroit Pistons,"Galloway,Langston",2018,162.39999999999998
Detroit Pistons,"Galloway,Langston",2019,269.35
Detroit Pistons,"Galloway,Langston",2020,339.99999999999994
Detroit Pistons,"Griffin,Blake",2018,286.3
Detroit Pistons,"Griffin,Blake",2019,1119.4999999999998
Detroit Pistons,"Griffin,Blake",2020,130.40000000000003
Detroit Pistons,"Hall,Donta",2020,7.1000000000000005
Detroit Pistons,"Harris,Tobias",2018,392.44999999999993
Detroit Pistons,"Hearn,Reggie",2018,1.2999999999999998
Detroit Pistons,"Henson,John",2020,65.85000000000001
Detroit Pistons,"Jackson,Reggie",2018,367.19999999999993
Detroit Pistons,"Jackson,Reggie",2019,675.5499999999998
Detroit Pistons,"Jackson,Reggie",2020,105.85000000000001
Detroit Pistons,"Johnson,Stanley",2018,315.75000000000006
Detroit Pistons,"Johnson,Stanley",2019,205.8
Detroit Pistons,"Kennard,Luke",2018,332.75
Detroit Pistons,"Kennard,Luke",2019,339.45000000000005
Detroit Pistons,"Kennard,Luke",2020,237.0
Detroit Pistons,"King,Louis",2020,7.450000000000002
Detroit Pistons,"Knight,Brandon",2020,71.45
Detroit Pistons,"Leuer,Jon",2018,22.5
Detroit Pistons,"Leuer,Jon",2019,95.74999999999997
Detroit Pistons,"Lofton,Zach",2019,1.3
Detroit Pistons,"Lucas,Kalin",2019,1.2000000000000002
Detroit Pistons,"Maker,Thon",2019,111.9
Detroit Pistons,"Maker,Thon",2020,197.85000000000008
Detroit Pistons,"Marjanović,Boban",2018,74.35000000000001
Detroit Pistons,"McRae,Jordan",2020,10.600000000000001
Detroit Pistons,"Montero,Luis",2018,1.9
Detroit Pistons,"Moreland,Eric",2018,204.10000000000005
Detroit Pistons,"Morris,Markieff",2020,269.9
Detroit Pistons,"Mykhailiuk,Sviatoslav",2019,4.8
Detroit Pistons,"Mykhailiuk,Sviatoslav",2020,288.8500000000001
Detroit Pistons,"Nelson,Jameer",2018,17.1
Detroit Pistons,"Pachulia,Zaza",2019,236.50000000000003
Detroit Pistons,"Reed,Willie",2018,1.3
Detroit Pistons,"Robinson,Glenn",2019,89.59999999999997
Detroit Pistons,"Rose,Derrick",2020,535.0000000000001
Detroit Pistons,"Smith,Ish",2018,533.8500000000001
Detroit Pistons,"Smith,Ish",2019,269.40000000000015
Detroit Pistons,"Snell,Tony",2020,260.20000000000005
Detroit Pistons,"Thomas,Khyri",2019,20.700000000000006
Detroit Pistons,"Thomas,Khyri",2020,5.6
Detroit Pistons,"Tolliver,Anthony",2018,410.24999999999994
Detroit Pistons,"Walton,Derrick",2020,6.4
Detroit Pistons,"Wood,Christian",2020,540.9000000000002
Golden State Warriors,"Bell,Jordan",2018,321.04999999999995
Golden State Warriors,"Bell,Jordan",2019,224.90000000000006
Golden State Warriors,"Bender,Dragan",2020,57.75
Golden State Warriors,"Bogut,Andrew",2019,93.14999999999999
Golden State Warriors,"Bowman,Ky",2020,229.55000000000004
Golden State Warriors,"Burks,Alec",2020,409.6500000000001
Golden State Warriors,"Casspi,Omri",2018,213.95000000000005
Golden State Warriors,"Cauley-Stein,Willie",2020,263.6
Golden State Warriors,"Chriss,Marquese",2020,442.0
Golden State Warriors,"Cook,Quinn",2018,209.5
Golden State Warriors,"Cook,Quinn",2019,296.3000000000001
Golden State Warriors,"Cousins,DeMarcus",2019,379.15
Golden State Warriors,"Curry,Stephen",2018,1125.9
Golden State Warriors,"Curry,Stephen",2019,1487.7499999999998
Golden State Warriors,"Curry,Stephen",2020,66.10000000000001
Golden State Warriors,"Derrickson,Marcus",2019,22.35
Golden State Warriors,"Durant,Kevin",2018,1462.7
Golden State Warriors,"Durant,Kevin",2019,1449.2500000000005
Golden State Warriors,"Evans,Jacob",2019,25.35
Golden State Warriors,"Evans,Jacob",2020,60.10000000000001
Golden State Warriors,"Green,Draymond",2018,1163.8500000000004
Golden State Warriors,"Green,Draymond",2019,1019.4999999999998
Golden State Warriors,"Green,Draymond",2020,388.9
Golden State Warriors,"Iguodala,Andre",2018,470.50000000000017
Golden State Warriors,"Iguodala,Andre",2019,559.9500000000002
Golden State Warriors,"Jerebko,Jonas",2019,316.15000000000003
Golden State Warriors,"Jones,Damian",2018,13.850000000000001
Golden State Warriors,"Jones,Damian",2019,106.1
Golden State Warriors,"Lee,Damion",2019,81.65
Golden State Warriors,"Lee,Damion",2020,351.80000000000007
Golden State Warriors,"Livingston,Shaun",2018,312.69999999999993
Golden State Warriors,"Livingston,Shaun",2019,254.45000000000005
Golden State Warriors,"Looney,Kevon",2018,293.09999999999985
Golden State Warriors,"Looney,Kevon",2019,538.3999999999999
Golden State Warriors,"Looney,Kevon",2020,49.45000000000001
Golden State Warriors,"McCaw,Patrick",2018,157.1
Golden State Warriors,"McGee,JaVale",2018,256.5499999999999
Golden State Warriors,"McKinnie,Alfonzo",2019,222.65000000000015
Golden State Warriors,"Mulder,Mychal",2020,26.35
Golden State Warriors,"Norvell,Zach",2020,6.900000000000001
Golden State Warriors,"Pachulia,Zaza",2018,359.85
Golden State Warriors,"Pargo,Jeremy",2020,12.250000000000002
Golden State Warriors,"Paschall,Eric",2020,443.6
Golden State Warriors,"Poole,Jordan",2020,218.60000000000002
Golden State Warriors,"Randle,Chasson",2020,2.95
Golden State Warriors,"Robinson,Glenn",2020,353.25000000000006
Golden State Warriors,"Russell,D'Angelo",2020,434.95000000000005
Golden State Warriors,"Smailagić,Alen",2020,43.55
Golden State Warriors,"Spellman,Omari",2020,269.75000000000006
Golden State Warriors,"Thompson,Klay",2018,931.3000000000001
Golden State Warriors,"Thompson,Klay",2019,979.4499999999999
Golden State Warriors,"Toscano-Anderson,Juan",2020,62.699999999999996
Golden State Warriors,"West,David",2018,457.3500000000001
Golden State Warriors,"Wiggins,Andrew",2020,129.80000000000004
Golden State Warriors,"Young,Nick",2018,247.55000000000013
Houston Rockets,"Anderson,Ryan",2018,369.6499999999999
Houston Rockets,"Anderson,Ryan",2020,4.1
Houston Rockets,"Anthony,Carmelo",2019,46.45000000000001
Houston Rockets,"Ariza,Trevor",2018,512.2500000000001
Houston Rockets,"Black,Tarik",2018,144.60000000000002
Houston Rockets,"Brown,Bobby",2018,22.050000000000004
Houston Rockets,"Brown,Markel",2018,2.4000000000000004
Houston Rockets,"Caboclo,Bruno",2020,12.9
Houston Rockets,"Canaan,Isaiah",2018,-0.39999999999999997
Houston Rockets,"Capela,Clint",2018,1003.0000000000001
Houston Rockets,"Capela,Clint",2019,961.3500000000001
Houston Rockets,"Capela,Clint",2020,486.84999999999997
Houston Rockets,"Carroll,DeMarre",2020,26.400000000000002
Houston Rockets,"Carter-Williams,Michael",2019,31.000000000000007
Houston Rockets,"Chandler,Tyson",2020,40.14999999999999
Houston Rockets,"Chiozza,Chris",2019,3.900000000000001
Houston Rockets,"Chriss,Marquese",2019,20.65
Houston Rockets,"Clark,Gary",2019,87.60000000000001
Houston Rockets,"Clark,Gary",2020,37.85
Houston Rockets,"Clemons,Chris",2020,69.44999999999999
Houston Rockets,"Covington,Robert",2020,124.55000000000001
Houston Rockets,"Edwards,Vince",2019,0.8999999999999999
Houston Rockets,"Ennis,James",2019,164.1
Houston Rockets,"Faried,Kenneth",2019,225.40000000000003
Houston Rockets,"Frazier,Michael",2020,1.7000000000000008
Houston Rockets,"Gordon,Eric",2018,701.1000000000004
Houston Rockets,"Gordon,Eric",2019,551.9500000000002
Houston Rockets,"Gordon,Eric",2020,169.75
Houston Rockets,"Green,Gerald",2018,252.10000000000002
Houston Rockets,"Green,Gerald",2019,305.9500000000001
Houston Rockets,"Green,Jeff",2020,70.99999999999999
Houston Rockets,"Harden,James",2018,1743.6000000000006
Houston Rockets,"Harden,James",2019,1948.4999999999995
Houston Rockets,"Harden,James",2020,1269.9
Houston Rockets,"Hartenstein,Isaiah",2019,42.65
Houston Rockets,"Hartenstein,Isaiah",2020,93.05000000000001
Houston Rockets,"Hilário,Nenê",2018,214.64999999999995
Houston Rockets,"Hilário,Nenê",2019,110.4
Houston Rockets,"House,Danuel",2019,226.24999999999994
Houston Rockets,"House,Danuel",2020,358.54999999999995
Houston Rockets,"Howard,William",2020,-1.1999999999999997
Houston Rockets,"Hunter,R.J.",2018,5.100000000000001
Houston Rockets,"Jackson,Aaron",2018,3.45
Houston Rockets,"Jackson,Demetrius",2018,16.6
Houston Rockets,"Johnson,Joe",2018,68.05000000000003
Houston Rockets,"Jones,Terrence",2019,0.25000000000000033
Houston Rockets,"Knight,Brandon",2019,2.200000000000003
Houston Rockets,"Mbah a Moute,Luc",2018,333.65000000000015
Houston Rockets,"McLemore,Ben",2020,300.25
Houston Rockets,"Nunnally,James",2019,-2.6999999999999997
Houston Rockets,"Onuaku,Chinanu",2018,4.7
Houston Rockets,"Paul,Chris",2018,989.0500000000003
Houston Rockets,"Paul,Chris",2019,891.7499999999998
Houston Rockets,"Qi,Zhou",2018,15.100000000000001
Houston Rockets,"Qi,Zhou",2019,1.0
Houston Rockets,"Quarterman,Tim",2018,2.5999999999999996
Houston Rockets,"Rivers,Austin",2019,193.40000000000003
Houston Rockets,"Rivers,Austin",2020,235.60000000000002
Houston Rockets,"Sefolosha,Thabo",2020,83.45
Houston Rockets,"Shumpert,Iman",2019,58.85000000000001
Houston Rockets,"Tucker,P.J.",2018,502.35000000000014
Houston Rockets,"Tucker,P.J.",2019,570.2999999999998
Houston Rockets,"Tucker,P.J.",2020,395.95
Houston Rockets,"Weber,Briante",2018,28.700000000000003
Houston Rockets,"Westbrook,Russell",2020,874.2500000000003
Houston Rockets,"Williams,Troy",2018,3.3306690738754696e-16
Houston Rockets,"Wright,Brandan",2018,1.3
Indiana Pacers,"Anigbogu,Ike",2018,11.350000000000001
Indiana Pacers,"Anigbogu,Ike",2019,0.9000000000000001
Indiana Pacers,"Bitadze,Goga",2020,95.55
Indiana Pacers,"Bogdanović,Bojan",2018,615.8499999999999
Indiana Pacers,"Bogdanović,Bojan",2019,782.4499999999999
Indiana Pacers,"Booker,Trevor",2018,71.2
Indiana Pacers,"Bowen,Brian",2020,0.10000000000000053
Indiana Pacers,"Brogdon,Malcolm",2020,520.85
Indiana Pacers,"Collison,Darren",2018,673.1000000000001
Indiana Pacers,"Collison,Darren",2019,720.6000000000003
Indiana Pacers,"Evans,Tyreke",2019,402.75
Indiana Pacers,"Holiday,Aaron",2019,154.34999999999997
Indiana Pacers,"Holiday,Aaron",2020,323.7000000000001
Indiana Pacers,"Holiday,Justin",2020,354.85000000000014
Indiana Pacers,"Jefferson,Al",2018,141.1
Indiana Pacers,"Johnson,Alize",2019,5.199999999999998
Indiana Pacers,"Johnson,Alize",2020,11.6
Indiana Pacers,"Joseph,Cory",2018,464.7000000000002
Indiana Pacers,"Joseph,Cory",2019,458.9499999999999
Indiana Pacers,"Lamb,Jeremy",2020,306.20000000000005
Indiana Pacers,"Leaf,T.J.",2018,66.4
Indiana Pacers,"Leaf,T.J.",2019,127.8
Indiana Pacers,"Leaf,T.J.",2020,47.75
Indiana Pacers,"Matthews,Wesley",2019,151.45000000000002
Indiana Pacers,"McConnell,T.J.",2020,403.10000000000014
Indiana Pacers,"McDermott,Doug",2019,255.85
Indiana Pacers,"McDermott,Doug",2020,291.3500000000001
Indiana Pacers,"McKinney-Jones,Trey",2018,0.0
Indiana Pacers,"Mitrou-Long,Naz",2020,9.3
Indiana Pacers,"O'Quinn,Kyle",2019,125.20000000000002
Indiana Pacers,"Oladipo,Victor",2018,1176.9499999999994
Indiana Pacers,"Oladipo,Victor",2019,397.40000000000003
Indiana Pacers,"Oladipo,Victor",2020,92.85000000000001
Indiana Pacers,"Poythress,Alex",2018,10.299999999999999
Indiana Pacers,"Reed,Davon",2019,6.700000000000001
Indiana Pacers,"Robinson,Glenn",2018,56.30000000000001
Indiana Pacers,"Sabonis,Domantas",2018,628.8999999999997
Indiana Pacers,"Sabonis,Domantas",2019,812.8
Indiana Pacers,"Sabonis,Domantas",2020,876.7
Indiana Pacers,"Sampson,JaKarr",2020,56.04999999999999
Indiana Pacers,"Stephenson,Lance",2018,512.25
Indiana Pacers,"Sumner,Edmond",2019,29.95000000000001
Indiana Pacers,"Sumner,Edmond",2020,70.55000000000001
Indiana Pacers,"Turner,Myles",2018,546.6999999999999
Indiana Pacers,"Turner,Myles",2019,666.8000000000002
Indiana Pacers,"Turner,Myles",2020,420.09999999999997
Indiana Pacers,"Warren,T.J.",2020,521.95
Indiana Pacers,"Wilkins,Damien",2018,13.350000000000001
Indiana Pacers,"Young,Joe",2018,103.05
Indiana Pacers,"Young,Thaddeus",2018,719.0500000000001
Indiana Pacers,"Young,Thaddeus",2019,780.9499999999999
Los Angeles Clippers,"Beverley,Patrick",2018,93.65000000000002
Los Angeles Clippers,"Beverley,Patrick",2019,540.7499999999999
Los Angeles Clippers,"Beverley,Patrick",2020,336.5
Los Angeles Clippers,"Bradley,Avery",2018,28.500000000000004
Los Angeles Clippers,"Bradley,Avery",2019,176.75
Los Angeles Clippers,"Chandler,Wilson",2019,30.00000000000001
Los Angeles Clippers,"Coffey,Amir",2020,8.600000000000001
Los Angeles Clippers,"Dekker,Sam",2018,172.25000000000003
Los Angeles Clippers,"Delgado,Ángel",2019,1.0500000000000003
Los Angeles Clippers,"Evans,Jawun",2018,117.84999999999997
Los Angeles Clippers,"Gallinari,Danilo",2018,151.0
Los Angeles Clippers,"Gallinari,Danilo",2019,787.1
Los Angeles Clippers,"George,Paul",2020,521.3000000000001
Los Angeles Clippers,"Gilgeous-Alexander,Shai",2019,636.1999999999999
Los Angeles Clippers,"Gortat,Marcin",2019,209.64999999999998
Los Angeles Clippers,"Green,JaMychal",2019,173.3
Los Angeles Clippers,"Green,JaMychal",2020,248.89999999999998
Los Angeles Clippers,"Griffin,Blake",2018,443.45
Los Angeles Clippers,"Harkless,Maurice",2020,224.90000000000003
Los Angeles Clippers,"Harrell,Montrezl",2018,477.95
Los Angeles Clippers,"Harrell,Montrezl",2019,901.4000000000001
Los Angeles Clippers,"Harrell,Montrezl",2020,668.0000000000001
Los Angeles Clippers,"Harris,Tobias",2018,329.6000000000001
Los Angeles Clippers,"Harris,Tobias",2019,639.75
Los Angeles Clippers,"Jackson,Reggie",2020,64.95
Los Angeles Clippers,"Johnson,Brice",2018,17.4
Los Angeles Clippers,"Johnson,Wesley",2018,267.95
Los Angeles Clippers,"Jordan,DeAndre",2018,925.5500000000001
Los Angeles Clippers,"Kabengele,Mfiondu",2020,18.1
Los Angeles Clippers,"Kilpatrick,Sean",2018,5.4
Los Angeles Clippers,"Leonard,Kawhi",2020,805.0499999999998
Los Angeles Clippers,"Mann,Terance",2020,40.35000000000001
Los Angeles Clippers,"Marjanović,Boban",2018,87.75
Los Angeles Clippers,"Marjanović,Boban",2019,179.05000000000004
Los Angeles Clippers,"Mbah a Moute,Luc",2019,6.350000000000002
Los Angeles Clippers,"McGruder,Rodney",2020,97.74999999999999
Los Angeles Clippers,"Morris,Marcus",2020,53.5
Los Angeles Clippers,"Motley,Johnathan",2019,56.40000000000001
Los Angeles Clippers,"Motley,Johnathan",2020,22.6
Los Angeles Clippers,"Patterson,Patrick",2020,132.45
Los Angeles Clippers,"Reed,Willie",2018,126.84999999999998
Los Angeles Clippers,"Rivers,Austin",2018,473.5499999999999
Los Angeles Clippers,"Robinson,Jerome",2019,55.349999999999994
Los Angeles Clippers,"Robinson,Jerome",2020,63.100000000000016
Los Angeles Clippers,"Scott,Mike",2019,138.6
Los Angeles Clippers,"Shamet,Landry",2019,163.70000000000002
Los Angeles Clippers,"Shamet,Landry",2020,201.29999999999998
Los Angeles Clippers,"Temple,Garrett",2019,78.95000000000002
Los Angeles Clippers,"Teodosić,Miloš",2018,329.45000000000005
Los Angeles Clippers,"Teodosić,Miloš",2019,44.35
Los Angeles Clippers,"Thornwell,Sindarius",2018,189.14999999999998
Los Angeles Clippers,"Thornwell,Sindarius",2019,45.34999999999999
Los Angeles Clippers,"Wallace,Tyrone",2018,162.05
Los Angeles Clippers,"Wallace,Tyrone",2019,93.70000000000003
Los Angeles Clippers,"Walton,Derrick",2020,30.0
Los Angeles Clippers,"Williams,C.J.",2018,105.55
Los Angeles Clippers,"Williams,Lou",2018,994.2500000000002
Los Angeles Clippers,"Williams,Lou",2019,881.0499999999998
Los Angeles Clippers,"Williams,Lou",2020,653.8999999999999
Los Angeles Clippers,"Wilson,Jamil",2018,50.70000000000002
Los Angeles Clippers,"Zubac,Ivica",2019,205.95000000000002
Los Angeles Clippers,"Zubac,Ivica",2020,411.99999999999994
Los Angeles Lakers,"Ball,Lonzo",2018,553.2500000000001
Los Angeles Lakers,"Ball,Lonzo",2019,419.4000000000001
Los Angeles Lakers,"Beasley,Michael",2019,88.95000000000002
Los Angeles Lakers,"Blue,Vander",2018,3.1500000000000004
Los Angeles Lakers,"Bogut,Andrew",2018,61.5
Los Angeles Lakers,"Bonga,Isaac",2019,18.900000000000002
Los Angeles Lakers,"Bradley,Avery",2020,203.20000000000005
Los Angeles Lakers,"Brewer,Corey",2018,130.05
Los Angeles Lakers,"Bryant,Thomas",2018,11.700000000000001
Los Angeles Lakers,"Bullock,Reggie",2019,82.4
Los Angeles Lakers,"Caldwell-Pope,Kentavious",2018,600.1499999999999
Los Angeles Lakers,"Caldwell-Pope,Kentavious",2019,457.04999999999995
Los Angeles Lakers,"Caldwell-Pope,Kentavious",2020,327.35000000000014
Los Angeles Lakers,"Caruso,Alex",2018,131.55
Los Angeles Lakers,"Caruso,Alex",2019,165.15
Los Angeles Lakers,"Caruso,Alex",2020,227.9000000000001
Los Angeles Lakers,"Chandler,Tyson",2019,186.70000000000005
Los Angeles Lakers,"Clarkson,Jordan",2018,408.25
Los Angeles Lakers,"Cook,Quinn",2020,94.85000000000001
Los Angeles Lakers,"Daniels,Troy",2020,66.80000000000001
Los Angeles Lakers,"Davis,Anthony",2020,906.65
Los Angeles Lakers,"Deng,Luol",2018,2.8000000000000003
Los Angeles Lakers,"Dudley,Jared",2020,36.800000000000004
Los Angeles Lakers,"Ennis,Tyler",2018,148.04999999999998
Los Angeles Lakers,"Frye,Channing",2018,25.350000000000005
Los Angeles Lakers,"Green,Danny",2020,332.3
Los Angeles Lakers,"Hart,Josh",2018,321.2
Los Angeles Lakers,"Hart,Josh",2019,309.25
Los Angeles Lakers,"Hayes,Nigel",2018,1.1000000000000005
Los Angeles Lakers,"Horton-Tucker,Talen",2020,-0.19999999999999996
Los Angeles Lakers,"Howard,Dwight",2020,416.05000000000007
Los Angeles Lakers,"Ingram,Andre",2018,19.9
Los Angeles Lakers,"Ingram,Andre",2019,-1.1999999999999993
Los Angeles Lakers,"Ingram,Brandon",2018,547.4000000000001
Los Angeles Lakers,"Ingram,Brandon",2019,472.2000000000001
Los Angeles Lakers,"James,LeBron",2019,1010.9
Los Angeles Lakers,"James,LeBron",2020,1147.5999999999997
Los Angeles Lakers,"Jones,Jemerrio",2019,36.55
Los Angeles Lakers,"Kuzma,Kyle",2018,656.0499999999997
Los Angeles Lakers,"Kuzma,Kyle",2019,612.2
Los Angeles Lakers,"Kuzma,Kyle",2020,316.1
Los Angeles Lakers,"Lopez,Brook",2018,483.55000000000007
Los Angeles Lakers,"Machado,Scott",2019,4.800000000000001
Los Angeles Lakers,"McGee,JaVale",2019,659.5
Los Angeles Lakers,"McGee,JaVale",2020,347.1000000000001
Los Angeles Lakers,"Morris,Markieff",2020,21.900000000000002
Los Angeles Lakers,"Muscala,Mike",2019,55.35
Los Angeles Lakers,"Mykhailiuk,Sviatoslav",2019,59.999999999999986
Los Angeles Lakers,"Nance,Larry",2018,309.0
Los Angeles Lakers,"Norvell,Zach",2020,-0.39999999999999997
Los Angeles Lakers,"Payton,Gary",2018,23.150000000000002
Los Angeles Lakers,"Randle,Julius",2018,859.6
Los Angeles Lakers,"Rondo,Rajon",2019,460.55
Los Angeles Lakers,"Rondo,Rajon",2020,327.69999999999993
Los Angeles Lakers,"Stephenson,Lance",2019,322.34999999999997
Los Angeles Lakers,"Thomas,Isaiah",2018,150.55000000000004
Los Angeles Lakers,"Wagner,Moritz",2019,113.00000000000003
Los Angeles Lakers,"Wear,Travis",2018,25.500000000000007
Los Angeles Lakers,"Williams,Derrick",2018,-0.7999999999999998
Los Angeles Lakers,"Williams,Johnathan",2019,91.55
Los Angeles Lakers,"Zubac,Ivica",2018,113.99999999999997
Los Angeles Lakers,"Zubac,Ivica",2019,175.95000000000002
Memphis Grizzlies,"Allen,Grayson",2020,112.15000000000002
Memphis Grizzlies,"Anderson,Kyle",2019,312.84999999999997
Memphis Grizzlies,"Anderson,Kyle",2020,306.75
Memphis Grizzlies,"Bell,Jordan",2020,8.9
Memphis Grizzlies,"Bradley,Avery",2019,124.5
Memphis Grizzlies,"Brooks,Dillon",2018,432.1
Memphis Grizzlies,"Brooks,Dillon",2019,48.0
Memphis Grizzlies,"Brooks,Dillon",2020,383.8
Memphis Grizzlies,"Brooks,MarShon",2018,90.75000000000001
Memphis Grizzlies,"Brooks,MarShon",2019,80.2
Memphis Grizzlies,"Caboclo,Bruno",2019,189.10000000000002
Memphis Grizzlies,"Caboclo,Bruno",2020,41.54999999999999
Memphis Grizzlies,"Carter,Jevon",2019,107.49999999999999
Memphis Grizzlies,"Casspi,Omri",2019,145.65000000000003
Memphis Grizzlies,"Chalmers,Mario",2018,344.80000000000007
Memphis Grizzlies,"Clarke,Brandon",2020,403.49999999999994
Memphis Grizzlies,"Conley,Mike",2018,89.25000000000001
Memphis Grizzlies,"Conley,Mike",2019,839.1499999999999
Memphis Grizzlies,"Crowder,Jae",2020,306.19999999999993
Memphis Grizzlies,"Davis,Deyonta",2018,230.55000000000004
Memphis Grizzlies,"Dieng,Gorgui",2020,73.69999999999999
Memphis Grizzlies,"Dorsey,Tyler",2019,101.15
Memphis Grizzlies,"Ennis,James",2018,215.35000000000005
Memphis Grizzlies,"Evans,Tyreke",2018,602.25
Memphis Grizzlies,"Gasol,Marc",2018,811.9000000000001
Memphis Grizzlies,"Gasol,Marc",2019,591.7499999999999
Memphis Grizzlies,"Green,JaMychal",2018,391.1499999999999
Memphis Grizzlies,"Green,JaMychal",2019,272.75000000000006
Memphis Grizzlies,"Guduric,Marko",2020,116.5
Memphis Grizzlies,"Hannahs,Dusty",2019,2.000000000000001
Memphis Grizzlies,"Hannahs,Dusty",2020,3.300000000000001
Memphis Grizzlies,"Harrison,Andrew",2018,302.05000000000007
Memphis Grizzlies,"Harrison,Andrew",2019,-0.1999999999999999
Memphis Grizzlies,"Henry,Myke",2018,79.4
Memphis Grizzlies,"Hill,Solomon",2020,202.69999999999996
Memphis Grizzlies,"Holiday,Justin",2019,238.6
Memphis Grizzlies,"Hunter,Vince",2018,4.8
Memphis Grizzlies,"Jackson,Jaren",2019,428.50000000000017
Memphis Grizzlies,"Jackson,Jaren",2020,447.7499999999999
Memphis Grizzlies,"Jackson,Josh",2020,104.65000000000002
Memphis Grizzlies,"Johnson,Brice",2018,11.900000000000002
Memphis Grizzlies,"Johnson,Omari",2018,15.0
Memphis Grizzlies,"Jones,Tyus",2020,369.84999999999997
Memphis Grizzlies,"Konchar,John",2020,60.95000000000001
Memphis Grizzlies,"Mack,Shelvin",2019,263.5
Memphis Grizzlies,"Martin,Jarell",2018,311.45000000000005
Memphis Grizzlies,"McLemore,Ben",2018,201.25
Memphis Grizzlies,"Melton,De'Anthony",2020,335.55000000000007
Memphis Grizzlies,"Miles,C.J.",2019,54.550000000000004
Memphis Grizzlies,"Morant,Ja",2020,731.75
Memphis Grizzlies,"Noah,Joakim",2019,241.85000000000002
Memphis Grizzlies,"Parsons,Chandler",2018,174.9
Memphis Grizzlies,"Parsons,Chandler",2019,102.25000000000001
Memphis Grizzlies,"Rabb,Ivan",2018,159.45000000000002
Memphis Grizzlies,"Rabb,Ivan",2019,199.00000000000003
Memphis Grizzlies,"Rathan-Mayes,Xavier",2018,12.250000000000002
Memphis Grizzlies,"Selden,Wayne",2018,175.85
Memphis Grizzlies,"Selden,Wayne",2019,76.45000000000002
Memphis Grizzlies,"Simmons,Kobi",2018,115.80000000000001
Memphis Grizzlies,"Stephens,D.J.",2019,2.3000000000000003
Memphis Grizzlies,"Teague,Marquis",2018,9.750000000000002
Memphis Grizzlies,"Temple,Garrett",2019,243.95000000000007
Memphis Grizzlies,"Tolliver,Anthony",2020,18.9
Memphis Grizzlies,"Uthoff,Jarrod",2020,-0.9999999999999993
Memphis Grizzlies,"Valančiūnas,Jonas",2019,237.95000000000005
Memphis Grizzlies,"Valančiūnas,Jonas",2020,695.65
Memphis Grizzlies,"Washburn,Julian",2019,34.25000000000001
Memphis Grizzlies,"Watanabe,Yuta",2019,14.150000000000002
Memphis Grizzlies,"Watanabe,Yuta",2020,15.05
Memphis Grizzlies,"Weber,Briante",2018,27.200000000000003
Memphis Grizzlies,"Wright,Brandan",2018,100.1
Memphis Grizzlies,"Wright,Delon",2019,242.34999999999997
Memphis Grizzlies,"Zeller,Tyler",2019,22.200000000000003
Miami Heat,"Adebayo,Bam",2018,374.1499999999999
Miami Heat,"Adebayo,Bam",2019,660.9000000000001
Miami Heat,"Adebayo,Bam",2020,933.1
Miami Heat,"Anderson,Ryan",2019,7.049999999999999
Miami Heat,"Babbitt,Luke",2018,7.100000000000005
Miami Heat,"Butler,Jimmy",2020,756.4000000000003
Miami Heat,"Crowder,Jae",2020,98.1
Miami Heat,"Dragić,Goran",2018,758.2500000000001
Miami Heat,"Dragić,Goran",2019,281.3
Miami Heat,"Dragić,Goran",2020,526.2499999999999
Miami Heat,"Ellington,Wayne",2018,442.64999999999975
Miami Heat,"Ellington,Wayne",2019,103.3
Miami Heat,"Haslem,Udonis",2018,2.7500000000000004
Miami Heat,"Haslem,Udonis",2019,5.75
Miami Heat,"Haslem,Udonis",2020,0.050000000000000044
Miami Heat,"Herro,Tyler",2020,312.2499999999999
Miami Heat,"Hill,Solomon",2020,19.5
Miami Heat,"Iguodala,Andre",2020,67.6
Miami Heat,"Johnson,James",2018,656.3
Miami Heat,"Johnson,James",2019,276.1
Miami Heat,"Johnson,James",2020,63.099999999999994
Miami Heat,"Johnson,Tyler",2018,462.09999999999985
Miami Heat,"Johnson,Tyler",2019,280.45000000000005
Miami Heat,"Jones,Derrick",2018,27.050000000000004
Miami Heat,"Jones,Derrick",2019,271.50000000000006
Miami Heat,"Jones,Derrick",2020,281.95
Miami Heat,"Leonard,Meyers",2020,213.14999999999998
Miami Heat,"Macon,Daryl",2020,2.6
Miami Heat,"Maten,Yante",2019,1.2000000000000002
Miami Heat,"McGruder,Rodney",2018,50.0
Miami Heat,"McGruder,Rodney",2019,291.1
Miami Heat,"Mickey,Jordan",2018,62.0
Miami Heat,"Nunn,Kendrick",2020,466.4500000000001
Miami Heat,"Okpala,KZ",2020,6.6499999999999995
Miami Heat,"Olynyk,Kelly",2018,679.9000000000001
Miami Heat,"Olynyk,Kelly",2019,531.65
Miami Heat,"Olynyk,Kelly",2020,325.5
Miami Heat,"Richardson,Josh",2018,694.9499999999998
Miami Heat,"Richardson,Josh",2019,611.6999999999999
Miami Heat,"Robinson,Duncan",2019,22.0
Miami Heat,"Robinson,Duncan",2020,447.74999999999994
Miami Heat,"Silva,Chris",2020,108.04999999999998
Miami Heat,"Terry,Emanuel",2019,0.65
Miami Heat,"Vincent,Gabe",2020,-0.09999999999999876
Miami Heat,"Wade,Dwyane",2018,178.05
Miami Heat,"Wade,Dwyane",2019,628.4999999999999
Miami Heat,"Waiters,Dion",2018,211.10000000000002
Miami Heat,"Waiters,Dion",2019,273.90000000000003
Miami Heat,"Waiters,Dion",2020,12.750000000000004
Miami Heat,"Walton,Derrick",2018,23.500000000000004
Miami Heat,"White,Okaro",2018,10.35
Miami Heat,"Whiteside,Hassan",2018,589.4500000000002
Miami Heat,"Whiteside,Hassan",2019,684.1
Miami Heat,"Williams,Matt",2018,0.9999999999999998
Miami Heat,"Winslow,Justise",2018,399.15
Miami Heat,"Winslow,Justise",2019,555.3499999999998
Miami Heat,"Winslow,Justise",2020,71.35000000000001
Milwaukee Bucks,"Antetokounmpo,Giannis",2018,1361.8500000000001
Milwaukee Bucks,"Antetokounmpo,Giannis",2019,1684.2499999999998
Milwaukee Bucks,"Antetokounmpo,Giannis",2020,1114.0500000000004
Milwaukee Bucks,"Antetokounmpo,Thanasis",2020,33.900000000000006
Milwaukee Bucks,"Bender,Dragan",2020,16.949999999999996
Milwaukee Bucks,"Bledsoe,Eric",2018,941.4000000000001
Milwaukee Bucks,"Bledsoe,Eric",2019,1009.3000000000002
Milwaukee Bucks,"Bledsoe,Eric",2020,605.4000000000001
Milwaukee Bucks,"Bolomboy,Joel",2018,9.25
Milwaukee Bucks,"Brogdon,Malcolm",2018,373.7000000000001
Milwaukee Bucks,"Brogdon,Malcolm",2019,650.1500000000001
Milwaukee Bucks,"Brown,Sterling",2018,128.95
Milwaukee Bucks,"Brown,Sterling",2019,267.0
Milwaukee Bucks,"Brown,Sterling",2020,152.20000000000002
Milwaukee Bucks,"Canaan,Isaiah",2019,5.5
Milwaukee Bucks,"Colson,Bonzie",2019,24.150000000000002
Milwaukee Bucks,"Connaughton,Pat",2019,388.44999999999993
Milwaukee Bucks,"Connaughton,Pat",2020,272.45000000000005
Milwaukee Bucks,"Dellavedova,Matthew",2018,171.0
Milwaukee Bucks,"Dellavedova,Matthew",2019,27.6
Milwaukee Bucks,"DiVincenzo,Donte",2019,81.05
Milwaukee Bucks,"DiVincenzo,Donte",2020,429.40000000000003
Milwaukee Bucks,"Duval,Trevon",2019,3.6
Milwaukee Bucks,"Frazier,Tim",2019,76.80000000000001
Milwaukee Bucks,"Gasol,Pau",2019,4.65
Milwaukee Bucks,"Henson,John",2018,531.6499999999999
Milwaukee Bucks,"Henson,John",2019,69.6
Milwaukee Bucks,"Hill,George",2019,304.90000000000003
Milwaukee Bucks,"Hill,George",2020,365.2
Milwaukee Bucks,"Jennings,Brandon",2018,63.900000000000006
Milwaukee Bucks,"Kilpatrick,Sean",2018,39.25
Milwaukee Bucks,"Korver,Kyle",2020,207.59999999999997
Milwaukee Bucks,"Liggins,DeAndre",2018,45.749999999999986
Milwaukee Bucks,"Lopez,Brook",2019,687.0000000000001
Milwaukee Bucks,"Lopez,Brook",2020,392.95
Milwaukee Bucks,"Lopez,Robin",2020,208.59999999999997
Milwaukee Bucks,"Maker,Thon",2018,223.20000000000013
Milwaukee Bucks,"Maker,Thon",2019,81.15000000000002
Milwaukee Bucks,"Mason,Frank",2020,12.600000000000001
Milwaukee Bucks,"Matthews,Wesley",2020,248.24999999999997
Milwaukee Bucks,"Middleton,Khris",2018,1002.6499999999999
Milwaukee Bucks,"Middleton,Khris",2019,968.3
Milwaukee Bucks,"Middleton,Khris",2020,678.8
Milwaukee Bucks,"Mirotić,Nikola",2019,161.20000000000005
Milwaukee Bucks,"Monroe,Greg",2018,19.3
Milwaukee Bucks,"Morris,Jaylen",2019,6.350000000000001
Milwaukee Bucks,"Muhammad,Shabazz",2018,55.60000000000001
Milwaukee Bucks,"Munford,Xavier",2018,2.55
Milwaukee Bucks,"Parker,Jabari",2018,268.34999999999997
Milwaukee Bucks,"Payton,Gary",2018,10.250000000000004
Milwaukee Bucks,"Plumlee,Marshall",2018,11.1
Milwaukee Bucks,"Smith,Jason",2019,11.699999999999998
Milwaukee Bucks,"Snell,Tony",2018,284.30000000000007
Milwaukee Bucks,"Snell,Tony",2019,228.05
Milwaukee Bucks,"Teletović,Mirza",2018,41.20000000000001
Milwaukee Bucks,"Terry,Jason",2018,133.15
Milwaukee Bucks,"Vaughn,Rashad",2018,27.1
Milwaukee Bucks,"Williams,Marvin",2020,33.6
Milwaukee Bucks,"Wilson,D.J.",2018,13.65
Milwaukee Bucks,"Wilson,D.J.",2019,193.55
Milwaukee Bucks,"Wilson,D.J.",2020,55.05
Milwaukee Bucks,"Wood,Christian",2019,19.25
Milwaukee Bucks,"Zeller,Tyler",2018,113.45
Milwaukee Bucks,"İlyasova,Ersan",2019,320.50000000000006
Milwaukee Bucks,"İlyasova,Ersan",2020,250.05
Minnesota Timberwolves,"Aldrich,Cole",2018,2.3999999999999995
Minnesota Timberwolves,"Bates-Diop,Keita",2019,84.9
Minnesota Timberwolves,"Bates-Diop,Keita",2020,129.75000000000003
Minnesota Timberwolves,"Bayless,Jerryd",2019,115.70000000000003
Minnesota Timberwolves,"Beasley,Malik",2020,136.85
Minnesota Timberwolves,"Bell,Jordan",2020,76.99999999999999
Minnesota Timberwolves,"Bjelica,Nemanja",2018,323.0499999999999
Minnesota Timberwolves,"Brooks,Aaron",2018,35.849999999999994
Minnesota Timberwolves,"Brown,Anthony",2018,2.5
Minnesota Timberwolves,"Butler,Jimmy",2018,837.95
Minnesota Timberwolves,"Butler,Jimmy",2019,129.85
Minnesota Timberwolves,"Canaan,Isaiah",2019,22.900000000000002
Minnesota Timberwolves,"Covington,Robert",2019,192.65000000000003
Minnesota Timberwolves,"Covington,Robert",2020,388.8499999999999
Minnesota Timberwolves,"Crabbe,Allen",2020,7.0500000000000025
Minnesota Timberwolves,"Crawford,Jamal",2018,413.99999999999983
Minnesota Timberwolves,"Creek,Mitch",2019,4.4
Minnesota Timberwolves,"Culver,Jarrett",2020,304.75
Minnesota Timberwolves,"Deng,Luol",2019,100.60000000000001
Minnesota Timberwolves,"Dieng,Gorgui",2018,339.9
Minnesota Timberwolves,"Dieng,Gorgui",2019,335.3
Minnesota Timberwolves,"Dieng,Gorgui",2020,273.2
Minnesota Timberwolves,"Evans,Jacob",2020,-0.7
Minnesota Timberwolves,"Georges-Hunt,Marcus",2018,16.599999999999998
Minnesota Timberwolves,"Gibson,Taj",2018,665.05
Minnesota Timberwolves,"Gibson,Taj",2019,504.5499999999999
Minnesota Timberwolves,"Graham,Treveon",2020,73.50000000000001
Minnesota Timberwolves,"Hernangómez,Juan",2020,105.9
Minnesota Timberwolves,"Johnson,James",2020,135.45
Minnesota Timberwolves,"Jones,Tyus",2018,369.5999999999999
Minnesota Timberwolves,"Jones,Tyus",2019,371.8500000000001
Minnesota Timberwolves,"Layman,Jake",2020,99.50000000000003
Minnesota Timberwolves,"Martin,Kelan",2020,84.75
Minnesota Timberwolves,"McLaughlin,Jordan",2020,192.25000000000003
Minnesota Timberwolves,"Muhammad,Shabazz",2018,27.950000000000014
Minnesota Timberwolves,"Napier,Shabazz",2020,294.90000000000003
Minnesota Timberwolves,"Nowell,Jaylen",2020,21.450000000000003
Minnesota Timberwolves,"Nunnally,James",2019,11.5
Minnesota Timberwolves,"Okogie,Josh",2019,293.7
Minnesota Timberwolves,"Okogie,Josh",2020,376.95000000000005
Minnesota Timberwolves,"Patton,Justin",2018,0.8
Minnesota Timberwolves,"Reid,Naz",2020,122.50000000000001
Minnesota Timberwolves,"Reynolds,Cameron",2019,42.550000000000004
Minnesota Timberwolves,"Rose,Derrick",2018,57.45
Minnesota Timberwolves,"Rose,Derrick",2019,460.15000000000003
Minnesota Timberwolves,"Russell,D'Angelo",2020,170.95000000000002
Minnesota Timberwolves,"Teague,Jeff",2018,785.6000000000001
Minnesota Timberwolves,"Teague,Jeff",2019,407.7
Minnesota Timberwolves,"Teague,Jeff",2020,317.45000000000005
Minnesota Timberwolves,"Terrell,Jared",2019,11.450000000000003
Minnesota Timberwolves,"Tolliver,Anthony",2019,185.85
Minnesota Timberwolves,"Towns,Karl-Anthony",2018,1230.8499999999997
Minnesota Timberwolves,"Towns,Karl-Anthony",2019,1286.4000000000005
Minnesota Timberwolves,"Towns,Karl-Anthony",2020,623.0999999999999
Minnesota Timberwolves,"Vanderbilt,Jarred",2020,0.6000000000000001
Minnesota Timberwolves,"Vonleh,Noah",2020,107.15
Minnesota Timberwolves,"Wiggins,Andrew",2018,657.6999999999998
Minnesota Timberwolves,"Wiggins,Andrew",2019,576.9500000000002
Minnesota Timberwolves,"Wiggins,Andrew",2020,454.8000000000001
Minnesota Timberwolves,"Williams,C.J.",2019,21.550000000000004
Minnesota Timberwolves,"Šarić,Dario",2019,432.95
New Orleans Pelicans,"Alexander-Walker,Nickeil",2020,112.35
New Orleans Pelicans,"Allen,Tony",2018,51.19999999999999
New Orleans Pelicans,"Aşık,Ömer",2018,13.500000000000004
New Orleans Pelicans,"Ball,Lonzo",2020,686.1500000000001
New Orleans Pelicans,"Bertāns,Dairis",2019,5.000000000000002
New Orleans Pelicans,"Cheatham,Zylan",2020,4.1000000000000005
New Orleans Pelicans,"Clark,Ian",2018,273.29999999999995
New Orleans Pelicans,"Clark,Ian",2019,184.79999999999998
New Orleans Pelicans,"Cooke,Charles",2018,-2.1499999999999995
New Orleans Pelicans,"Cousins,DeMarcus",2018,924.5
New Orleans Pelicans,"Crawford,Jordan",2018,34.2
New Orleans Pelicans,"Cunningham,Dante",2018,151.10000000000002
New Orleans Pelicans,"Davis,Anthony",2018,1430.4
New Orleans Pelicans,"Davis,Anthony",2019,953.3500000000001
New Orleans Pelicans,"Diallo,Cheick",2018,169.40000000000003
New Orleans Pelicans,"Diallo,Cheick",2019,299.74999999999994
New Orleans Pelicans,"Drew,Larry",2018,6.700000000000001
New Orleans Pelicans,"Favors,Derrick",2020,396.0
New Orleans Pelicans,"Frazier,Tim",2019,250.35000000000002
New Orleans Pelicans,"Gray,Josh",2020,6.8
New Orleans Pelicans,"Harrison,Andrew",2019,3.650000000000001
New Orleans Pelicans,"Hart,Josh",2020,382.3499999999999
New Orleans Pelicans,"Hayes,Jaxson",2020,276.0000000000001
New Orleans Pelicans,"Hill,Solomon",2018,41.800000000000004
New Orleans Pelicans,"Hill,Solomon",2019,131.85000000000002
New Orleans Pelicans,"Holiday,Jrue",2018,1141.0
New Orleans Pelicans,"Holiday,Jrue",2019,979.7499999999998
New Orleans Pelicans,"Holiday,Jrue",2020,727.5500000000002
New Orleans Pelicans,"Ingram,Brandon",2020,767.7499999999998
New Orleans Pelicans,"Jackson,Frank",2019,201.85
New Orleans Pelicans,"Jackson,Frank",2020,122.70000000000002
New Orleans Pelicans,"James,Mike",2018,0.10000000000000075
New Orleans Pelicans,"Johnson,Stanley",2019,71.4
New Orleans Pelicans,"Johnson,Wesley",2019,52.05000000000001
New Orleans Pelicans,"Jones,Jalen",2018,-0.19999999999999973
New Orleans Pelicans,"Lemon,Walt",2018,7.450000000000001
New Orleans Pelicans,"Liggins,DeAndre",2018,39.65
New Orleans Pelicans,"Melli,Nicolò",2020,220.10000000000002
New Orleans Pelicans,"Miller,Darius",2018,355.85
New Orleans Pelicans,"Miller,Darius",2019,283.24999999999994
New Orleans Pelicans,"Mirotić,Nikola",2018,338.4499999999999
New Orleans Pelicans,"Mirotić,Nikola",2019,289.00000000000006
New Orleans Pelicans,"Moore,E'Twaun",2018,610.5500000000001
New Orleans Pelicans,"Moore,E'Twaun",2019,306.50000000000006
New Orleans Pelicans,"Moore,E'Twaun",2020,195.90000000000003
New Orleans Pelicans,"Nelson,Jameer",2018,202.59999999999997
New Orleans Pelicans,"Okafor,Emeka",2018,98.8
New Orleans Pelicans,"Okafor,Jahlil",2019,301.3
New Orleans Pelicans,"Okafor,Jahlil",2020,153.95000000000002
New Orleans Pelicans,"Payton,Elfrid",2019,439.34999999999997
New Orleans Pelicans,"Randle,Julius",2019,936.55
New Orleans Pelicans,"Redick,J.J.",2020,403.8
New Orleans Pelicans,"Rondo,Rajon",2018,753.3
New Orleans Pelicans,"Smith,Jason",2019,2.100000000000001
New Orleans Pelicans,"Smith,Josh",2018,0.30000000000000004
New Orleans Pelicans,"Williams,Kenrich",2019,216.69999999999996
New Orleans Pelicans,"Williams,Kenrich",2020,120.65000000000002
New Orleans Pelicans,"Williamson,Zion",2020,260.8
New Orleans Pelicans,"Wood,Christian",2019,83.00000000000003
New York Knicks,"Allen,Kadeem",2019,123.10000000000001
New York Knicks,"Allen,Kadeem",2020,33.1
New York Knicks,"Baker,Ron",2018,72.39999999999999
New York Knicks,"Baker,Ron",2019,7.450000000000001
New York Knicks,"Barrett,RJ",2020,395.9
New York Knicks,"Beasley,Michael",2018,566.6499999999999
New York Knicks,"Brazdeikis,Ignas",2020,2.750000000000001
New York Knicks,"Bullock,Reggie",2020,104.39999999999998
New York Knicks,"Burke,Trey",2018,267.8
New York Knicks,"Burke,Trey",2019,165.05
New York Knicks,"Dotson,Damyean",2018,93.64999999999999
New York Knicks,"Dotson,Damyean",2019,384.3499999999999
New York Knicks,"Dotson,Damyean",2020,149.65000000000003
New York Knicks,"Ellenson,Henry",2019,52.5
New York Knicks,"Ellington,Wayne",2020,92.30000000000003
New York Knicks,"Garrett,Billy",2019,8.200000000000003
New York Knicks,"Gibson,Taj",2020,281.45000000000016
New York Knicks,"Hardaway,Tim",2018,459.2500000000001
New York Knicks,"Hardaway,Tim",2019,368.5000000000001
New York Knicks,"Harkless,Maurice",2020,44.85
New York Knicks,"Hernangómez,Willy",2018,89.09999999999998
New York Knicks,"Hezonja,Mario",2019,296.85
New York Knicks,"Hicks,Isaiah",2018,32.199999999999996
New York Knicks,"Hicks,Isaiah",2019,7.749999999999999
New York Knicks,"Jack,Jarrett",2018,406.6000000000001
New York Knicks,"Jenkins,John",2019,51.05000000000001
New York Knicks,"Jordan,DeAndre",2019,225.65
New York Knicks,"Kanter,Enes",2018,765.1999999999999
New York Knicks,"Kanter,Enes",2019,451.40000000000003
New York Knicks,"Knox,Kevin",2019,365.80000000000007
New York Knicks,"Knox,Kevin",2020,175.75
New York Knicks,"Kornet,Luke",2018,75.35000000000001
New York Knicks,"Kornet,Luke",2019,200.69999999999996
New York Knicks,"Kuzminskas,Mindaugas",2018,-1.4
New York Knicks,"Lee,Courtney",2018,508.30000000000007
New York Knicks,"Lee,Courtney",2019,36.550000000000004
New York Knicks,"Matthews,Wesley",2019,3.45
New York Knicks,"McDermott,Doug",2018,187.45000000000002
New York Knicks,"Morris,Marcus",2020,387.85000000000014
New York Knicks,"Mudiay,Emmanuel",2018,117.50000000000004
New York Knicks,"Mudiay,Emmanuel",2019,496.30000000000007
New York Knicks,"Noah,Joakim",2018,14.899999999999999
New York Knicks,"Ntilikina,Frank",2018,334.6500000000001
New York Knicks,"Ntilikina,Frank",2019,138.55
New York Knicks,"Ntilikina,Frank",2020,249.80000000000007
New York Knicks,"O'Quinn,Kyle",2018,512.25
New York Knicks,"Payton,Elfrid",2020,421.55000000000007
New York Knicks,"Portis,Bobby",2020,374.4
New York Knicks,"Porziņģis,Kristaps",2018,483.8500000000001
New York Knicks,"Randle,Julius",2020,755.0000000000002
New York Knicks,"Robinson,Mitchell",2019,436.49999999999994
New York Knicks,"Robinson,Mitchell",2020,483.29999999999984
New York Knicks,"Sessions,Ramon",2018,33.55
New York Knicks,"Smith,Dennis",2019,176.4
New York Knicks,"Smith,Dennis",2020,133.4
New York Knicks,"Thomas,Lance",2018,154.15
New York Knicks,"Thomas,Lance",2019,87.04999999999998
New York Knicks,"Trier,Allonzo",2019,381.4
New York Knicks,"Trier,Allonzo",2020,82.94999999999999
New York Knicks,"Vonleh,Noah",2019,470.25
New York Knicks,"Williams,Troy",2018,87.60000000000001
Oklahoma City Thunder,"Abrines,Álex",2018,172.95000000000002
Oklahoma City Thunder,"Abrines,Álex",2019,65.84999999999998
Oklahoma City Thunder,"Adams,Steven",2018,898.6000000000001
Oklahoma City Thunder,"Adams,Steven",2019,954.75
Oklahoma City Thunder,"Adams,Steven",2020,588.8499999999999
Oklahoma City Thunder,"Anthony,Carmelo",2018,527.2500000000001
Oklahoma City Thunder,"Bazley,Darius",2020,166.05
Oklahoma City Thunder,"Brewer,Corey",2018,129.60000000000005
Oklahoma City Thunder,"Burton,Deonte",2019,26.350000000000012
Oklahoma City Thunder,"Burton,Deonte",2020,38.2
Oklahoma City Thunder,"Collison,Nick",2018,23.500000000000004
Oklahoma City Thunder,"Davis,Tyler",2019,0.0
Oklahoma City Thunder,"Diallo,Hamidou",2019,89.74999999999999
Oklahoma City Thunder,"Diallo,Hamidou",2020,117.24999999999999
Oklahoma City Thunder,"Dort,Luguentz",2020,66.50000000000001
Oklahoma City Thunder,"Dozier,PJ",2018,1.1
Oklahoma City Thunder,"Evans,Jawun",2019,-0.7
Oklahoma City Thunder,"Felton,Raymond",2018,357.1
Oklahoma City Thunder,"Felton,Raymond",2019,80.2
Oklahoma City Thunder,"Ferguson,Terrance",2018,78.64999999999998
Oklahoma City Thunder,"Ferguson,Terrance",2019,213.0999999999999
Oklahoma City Thunder,"Ferguson,Terrance",2020,85.4
Oklahoma City Thunder,"Gallinari,Danilo",2020,545.3999999999999
Oklahoma City Thunder,"George,Paul",2018,1076.9999999999998
Oklahoma City Thunder,"George,Paul",2019,1311.7999999999995
Oklahoma City Thunder,"Gilgeous-Alexander,Shai",2020,672.5499999999998
Oklahoma City Thunder,"Grant,Jerami",2018,410.60000000000014
Oklahoma City Thunder,"Grant,Jerami",2019,600.6999999999998
Oklahoma City Thunder,"Grantham,Donte",2019,-1.4
Oklahoma City Thunder,"Hall,Devon",2020,1.1500000000000004
Oklahoma City Thunder,"Hamilton,Daniel",2018,4.8999999999999995
Oklahoma City Thunder,"Hervey,Kevin",2020,-5.399999999999999
Oklahoma City Thunder,"Huestis,Josh",2018,101.15000000000005
Oklahoma City Thunder,"Johnson,Dakari",2018,28.75
Oklahoma City Thunder,"Luwawu-Cabarrot,Timothé",2019,9.800000000000004
Oklahoma City Thunder,"Morris,Markieff",2019,64.64999999999999
Oklahoma City Thunder,"Muscala,Mike",2020,100.5
Oklahoma City Thunder,"Nader,Abdel",2019,117.45000000000003
Oklahoma City Thunder,"Nader,Abdel",2020,158.2
Oklahoma City Thunder,"Noel,Nerlens",2019,367.8499999999999
Oklahoma City Thunder,"Noel,Nerlens",2020,368.55000000000007
Oklahoma City Thunder,"Patterson,Patrick",2018,236.79999999999995
Oklahoma City Thunder,"Patterson,Patrick",2019,134.85
Oklahoma City Thunder,"Patton,Justin",2020,3.7
Oklahoma City Thunder,"Paul,Chris",2020,795.45
Oklahoma City Thunder,"Roberson,Andre",2018,195.89999999999998
Oklahoma City Thunder,"Roby,Isaiah",2020,0.10000000000000009
Oklahoma City Thunder,"Schröder,Dennis",2019,650.4999999999998
Oklahoma City Thunder,"Schröder,Dennis",2020,640.9499999999998
Oklahoma City Thunder,"Singler,Kyle",2018,4.400000000000001
Oklahoma City Thunder,"Westbrook,Russell",2018,1612.4999999999995
Oklahoma City Thunder,"Westbrook,Russell",2019,1365.6000000000001
Orlando Magic,"Afflalo,Arron",2018,72.1
Orlando Magic,"Aminu,Al-Farouq",2020,69.0
Orlando Magic,"Artis,Jamel",2018,34.85000000000001
Orlando Magic,"Augustin,D.J.",2018,557.5500000000001
Orlando Magic,"Augustin,D.J.",2019,733.1
Orlando Magic,"Augustin,D.J.",2020,334.90000000000003
Orlando Magic,"Bamba,Mohamed",2019,211.2
Orlando Magic,"Bamba,Mohamed",2020,273.1499999999999
Orlando Magic,"Birch,Khem",2018,159.25
Orlando Magic,"Birch,Khem",2019,221.8
Orlando Magic,"Birch,Khem",2020,137.6
Orlando Magic,"Biyombo,Bismack",2018,400.94999999999993
Orlando Magic,"Briscoe,Isaiah",2019,92.95000000000002
Orlando Magic,"Carter-Williams,Michael",2019,87.50000000000003
Orlando Magic,"Carter-Williams,Michael",2020,234.45000000000005
Orlando Magic,"Caupain,Troy",2019,7.5
Orlando Magic,"Clark,Gary",2020,33.20000000000001
Orlando Magic,"Ennis,James",2020,52.2
Orlando Magic,"Fournier,Evan",2018,484.85
Orlando Magic,"Fournier,Evan",2019,641.6500000000001
Orlando Magic,"Fournier,Evan",2020,595.2500000000001
Orlando Magic,"Frazier,Melvin",2019,1.300000000000001
Orlando Magic,"Frazier,Melvin",2020,6.700000000000001
Orlando Magic,"Fultz,Markelle",2020,539.0500000000001
Orlando Magic,"Gordon,Aaron",2018,574.6000000000001
Orlando Magic,"Gordon,Aaron",2019,837.2499999999999
Orlando Magic,"Gordon,Aaron",2020,524.0000000000001
Orlando Magic,"Grant,Jerian",2019,223.90000000000003
Orlando Magic,"Hezonja,Mario",2018,426.65000000000003
Orlando Magic,"Isaac,Jonathan",2018,111.5
Orlando Magic,"Isaac,Jonathan",2019,481.49999999999994
Orlando Magic,"Isaac,Jonathan",2020,287.8500000000001
Orlando Magic,"Iwundu,Wesley",2018,139.85000000000005
Orlando Magic,"Iwundu,Wesley",2019,201.44999999999996
Orlando Magic,"Iwundu,Wesley",2020,125.8
Orlando Magic,"Jefferson,Amile",2019,18.55
Orlando Magic,"Jefferson,Amile",2020,9.8
Orlando Magic,"Johnson,B.J.",2020,5.199999999999999
Orlando Magic,"Law,Vic",2020,-2.4999999999999996
Orlando Magic,"Mack,Shelvin",2018,381.20000000000005
Orlando Magic,"Magette,Josh",2020,9.25
Orlando Magic,"Martin,Jarell",2019,53.09999999999999
Orlando Magic,"Payne,Adreian",2018,12.549999999999999
Orlando Magic,"Payton,Elfrid",2018,476.29999999999995
Orlando Magic,"Purvis,Rodney",2018,21.900000000000006
Orlando Magic,"Ross,Terrence",2018,119.75000000000001
Orlando Magic,"Ross,Terrence",2019,617.55
Orlando Magic,"Ross,Terrence",2020,412.15
Orlando Magic,"Simmons,Jonathon",2018,517.1
Orlando Magic,"Simmons,Jonathon",2019,151.69999999999996
Orlando Magic,"Speights,Marreese",2018,163.04999999999998
Orlando Magic,"Vaughn,Rashad",2018,3.8000000000000003
Orlando Magic,"Vučević,Nikola",2018,603.65
Orlando Magic,"Vučević,Nikola",2019,1174.8500000000001
Orlando Magic,"Vučević,Nikola",2020,636.1999999999999
Philadelphia 76ers,"Anderson,Justin",2018,112.50000000000003
Philadelphia 76ers,"Bayless,Jerryd",2018,153.75000000000003
Philadelphia 76ers,"Belinelli,Marco",2018,241.74999999999997
Philadelphia 76ers,"Bolden,Jonah",2019,181.20000000000002
Philadelphia 76ers,"Bolden,Jonah",2020,1.9
Philadelphia 76ers,"Booker,Trevor",2018,128.35
Philadelphia 76ers,"Brewer,Corey",2019,31.5
Philadelphia 76ers,"Burke,Trey",2020,84.15
Philadelphia 76ers,"Burks,Alec",2020,56.95000000000001
Philadelphia 76ers,"Butler,Jimmy",2019,763.25
Philadelphia 76ers,"Chandler,Wilson",2019,186.85000000000002
Philadelphia 76ers,"Covington,Robert",2018,717.3
Philadelphia 76ers,"Covington,Robert",2019,104.39999999999998
Philadelphia 76ers,"Drew,Larry",2018,-1.4999999999999993
Philadelphia 76ers,"Embiid,Joel",2018,1031.8
Philadelphia 76ers,"Embiid,Joel",2019,1264.65
Philadelphia 76ers,"Embiid,Joel",2020,660.1500000000001
Philadelphia 76ers,"Ennis,James",2019,95.39999999999999
Philadelphia 76ers,"Ennis,James",2020,170.65000000000003
Philadelphia 76ers,"Fultz,Markelle",2018,66.30000000000001
Philadelphia 76ers,"Fultz,Markelle",2019,90.30000000000001
Philadelphia 76ers,"Harris,Tobias",2019,376.80000000000007
Philadelphia 76ers,"Harris,Tobias",2020,634.2500000000001
Philadelphia 76ers,"Highsmith,Haywood",2019,3.3000000000000007
Philadelphia 76ers,"Holmes,Richaun",2018,203.95000000000005
Philadelphia 76ers,"Horford,Al",2020,506.5999999999999
Philadelphia 76ers,"Jackson,Demetrius",2018,7.15
Philadelphia 76ers,"Jackson,Demetrius",2019,13.0
Philadelphia 76ers,"Johnson,Amir",2018,336.29999999999995
Philadelphia 76ers,"Johnson,Amir",2019,167.20000000000002
Philadelphia 76ers,"Korkmaz,Furkan",2018,6.1
Philadelphia 76ers,"Korkmaz,Furkan",2019,150.54999999999995
Philadelphia 76ers,"Korkmaz,Furkan",2020,300.2500000000001
Philadelphia 76ers,"Luwawu-Cabarrot,Timothé",2018,113.09999999999997
Philadelphia 76ers,"Marjanović,Boban",2019,184.14999999999998
Philadelphia 76ers,"McAdoo,James Michael",2018,3.1000000000000005
Philadelphia 76ers,"McConnell,T.J.",2018,532.0999999999999
Philadelphia 76ers,"McConnell,T.J.",2019,433.50000000000006
Philadelphia 76ers,"Milton,Shake",2019,38.50000000000001
Philadelphia 76ers,"Milton,Shake",2020,179.29999999999995
Philadelphia 76ers,"Monroe,Greg",2019,48.199999999999996
Philadelphia 76ers,"Muscala,Mike",2019,215.2
Philadelphia 76ers,"Neto,Raul",2020,155.05
Philadelphia 76ers,"O'Quinn,Kyle",2020,92.65
Philadelphia 76ers,"Okafor,Jahlil",2018,6.100000000000001
Philadelphia 76ers,"Patton,Justin",2019,2.2500000000000004
Philadelphia 76ers,"Pelle,Norvel",2020,39.89999999999999
Philadelphia 76ers,"Pullen,Jacob",2018,1.9999999999999998
Philadelphia 76ers,"Redick,J.J.",2018,674.2500000000002
Philadelphia 76ers,"Redick,J.J.",2019,709.8
Philadelphia 76ers,"Richardson,Josh",2020,357.84999999999997
Philadelphia 76ers,"Robinson,Glenn",2020,48.7
Philadelphia 76ers,"Scott,Mike",2019,120.95
Philadelphia 76ers,"Scott,Mike",2020,198.85
Philadelphia 76ers,"Shamet,Landry",2019,194.20000000000002
Philadelphia 76ers,"Shayok,Marial",2020,1.9000000000000004
Philadelphia 76ers,"Simmons,Ben",2018,1354.75
Philadelphia 76ers,"Simmons,Ben",2019,1357.8999999999999
Philadelphia 76ers,"Simmons,Ben",2020,863.3000000000002
Philadelphia 76ers,"Simmons,Jonathon",2019,62.6
Philadelphia 76ers,"Smith,Zhaire",2019,24.4
Philadelphia 76ers,"Smith,Zhaire",2020,1.8000000000000003
Philadelphia 76ers,"Stauskas,Nik",2018,6.699999999999999
Philadelphia 76ers,"Thybulle,Matisse",2020,216.09999999999994
Philadelphia 76ers,"Young,James",2018,3.6000000000000014
Philadelphia 76ers,"İlyasova,Ersan",2018,213.75000000000003
Philadelphia 76ers,"Šarić,Dario",2018,848.4500000000002
Philadelphia 76ers,"Šarić,Dario",2019,80.85000000000001
Phoenix Suns,"Acy,Quincy",2019,6.550000000000001
Phoenix Suns,"Anderson,Ryan",2019,34.05
Phoenix Suns,"Ariza,Trevor",2019,205.24999999999997
Phoenix Suns,"Ayton,Deandre",2019,796.4
Phoenix Suns,"Ayton,Deandre",2020,387.4
Phoenix Suns,"Baynes,Aron",2020,258.75
Phoenix Suns,"Bender,Dragan",2018,379.20000000000016
Phoenix Suns,"Bender,Dragan",2019,158.10000000000002
Phoenix Suns,"Bledsoe,Eric",2018,27.45
Phoenix Suns,"Bolden,Jonah",2020,2.4
Phoenix Suns,"Booker,Devin",2018,687.3000000000001
Phoenix Suns,"Booker,Devin",2019,965.9500000000004
Phoenix Suns,"Booker,Devin",2020,952.9500000000003
Phoenix Suns,"Bridges,Mikal",2019,467.35
Phoenix Suns,"Bridges,Mikal",2020,432.29999999999995
Phoenix Suns,"Canaan,Isaiah",2018,117.54999999999998
Phoenix Suns,"Canaan,Isaiah",2019,92.85000000000002
Phoenix Suns,"Carter,Jevon",2020,159.3
Phoenix Suns,"Chandler,Tyson",2018,332.55
Phoenix Suns,"Chandler,Tyson",2019,23.400000000000002
Phoenix Suns,"Chriss,Marquese",2018,372.70000000000016
Phoenix Suns,"Crawford,Jamal",2019,338.95
Phoenix Suns,"Daniels,Troy",2018,283.0
Phoenix Suns,"Daniels,Troy",2019,131.55000000000004
Phoenix Suns,"Diallo,Cheick",2020,147.14999999999998
Phoenix Suns,"Dudley,Jared",2018,117.59999999999995
Phoenix Suns,"Evans,Jawun",2019,8.5
Phoenix Suns,"Fredette,Jimmer",2019,8.300000000000002
Phoenix Suns,"Gray,Josh",2018,16.900000000000002
Phoenix Suns,"Harper,Jared",2020,-1.4
Phoenix Suns,"Harrison,Shaquille",2018,104.80000000000001
Phoenix Suns,"Holmes,Richaun",2019,377.25000000000006
Phoenix Suns,"House,Danuel",2018,80.30000000000001
Phoenix Suns,"Jackson,Josh",2018,455.99999999999994
Phoenix Suns,"Jackson,Josh",2019,513.6999999999999
Phoenix Suns,"James,Mike",2018,185.79999999999998
Phoenix Suns,"Jerome,Ty",2020,60.650000000000006
Phoenix Suns,"Johnson,Cameron",2020,222.95000000000002
Phoenix Suns,"Johnson,Tyler",2019,91.05000000000004
Phoenix Suns,"Johnson,Tyler",2020,87.10000000000001
Phoenix Suns,"Jones,Derrick",2018,9.25
Phoenix Suns,"Kaminsky,Frank",2020,190.35000000000005
Phoenix Suns,"Lecque,Jalen",2020,2.5000000000000013
Phoenix Suns,"Len,Alex",2018,476.55
Phoenix Suns,"Melton,De'Anthony",2019,253.75
Phoenix Suns,"Monroe,Greg",2018,198.15
Phoenix Suns,"Moreland,Eric",2019,0.3999999999999999
Phoenix Suns,"Okobo,Elie",2019,192.00000000000003
Phoenix Suns,"Okobo,Elie",2020,159.15
Phoenix Suns,"Oubre,Kelly",2019,355.5
Phoenix Suns,"Oubre,Kelly",2020,496.5999999999999
Phoenix Suns,"Owens,Tariq",2020,1.4000000000000001
Phoenix Suns,"Payton,Elfrid",2018,172.75000000000003
Phoenix Suns,"Peters,Alec",2018,37.60000000000001
Phoenix Suns,"Reed,Davon",2018,29.300000000000004
Phoenix Suns,"Rubio,Ricky",2020,669.0000000000001
Phoenix Suns,"Spalding,Ray",2019,42.2
Phoenix Suns,"Terry,Emanuel",2019,8.849999999999998
Phoenix Suns,"Ulis,Tyler",2018,400.15000000000003
Phoenix Suns,"Warren,T.J.",2018,538.3999999999999
Phoenix Suns,"Warren,T.J.",2019,351.25
Phoenix Suns,"Williams,Alan",2018,19.05
Phoenix Suns,"Šarić,Dario",2020,387.2999999999999
Portland Trail Blazers,"Aminu,Al-Farouq",2018,527.6499999999999
Portland Trail Blazers,"Aminu,Al-Farouq",2019,628.3000000000002
Portland Trail Blazers,"Anthony,Carmelo",2020,362.45
Portland Trail Blazers,"Ariza,Trevor",2020,171.4
Portland Trail Blazers,"Baldwin,Wade",2018,27.15
Portland Trail Blazers,"Baldwin,Wade",2019,19.650000000000006
Portland Trail Blazers,"Bazemore,Kent",2020,191.3
Portland Trail Blazers,"Brown,Moses",2020,6.450000000000002
Portland Trail Blazers,"Collins,Zach",2018,180.50000000000003
Portland Trail Blazers,"Collins,Zach",2019,411.15
Portland Trail Blazers,"Collins,Zach",2020,17.7
Portland Trail Blazers,"Connaughton,Pat",2018,228.45000000000005
Portland Trail Blazers,"Curry,Seth",2019,342.3
Portland Trail Blazers,"Davis,Ed",2018,417.9000000000001
Portland Trail Blazers,"Gabriel,Wenyen",2020,36.39999999999999
Portland Trail Blazers,"Harkless,Maurice",2018,267.94999999999993
Portland Trail Blazers,"Harkless,Maurice",2019,391.84999999999997
Portland Trail Blazers,"Hezonja,Mario",2020,148.95000000000002
Portland Trail Blazers,"Hoard,Jaylen",2020,25.250000000000004
Portland Trail Blazers,"Hood,Rodney",2019,177.5
Portland Trail Blazers,"Hood,Rodney",2020,128.2
Portland Trail Blazers,"Kanter,Enes",2019,357.79999999999995
Portland Trail Blazers,"Labissière,Skal",2019,22.200000000000003
Portland Trail Blazers,"Labissière,Skal",2020,150.69999999999996
Portland Trail Blazers,"Layman,Jake",2018,15.450000000000003
Portland Trail Blazers,"Layman,Jake",2019,291.99999999999994
Portland Trail Blazers,"Leonard,Meyers",2018,72.10000000000001
Portland Trail Blazers,"Leonard,Meyers",2019,297.79999999999984
Portland Trail Blazers,"Lillard,Damian",2018,1165.45
Portland Trail Blazers,"Lillard,Damian",2019,1448.8
Portland Trail Blazers,"Lillard,Damian",2020,994.6499999999999
Portland Trail Blazers,"Little,Nassir",2020,81.74999999999996
Portland Trail Blazers,"McCollum,CJ",2018,821.9999999999998
Portland Trail Blazers,"McCollum,CJ",2019,805.6000000000003
Portland Trail Blazers,"McCollum,CJ",2020,634.6500000000001
Portland Trail Blazers,"Napier,Shabazz",2018,422.34999999999997
Portland Trail Blazers,"Nurkić,Jusuf",2018,769.1500000000001
Portland Trail Blazers,"Nurkić,Jusuf",2019,854.3500000000005
Portland Trail Blazers,"Papagiannis,Georgios",2018,3.7
Portland Trail Blazers,"Simons,Anfernee",2019,32.099999999999994
Portland Trail Blazers,"Simons,Anfernee",2020,225.70000000000005
Portland Trail Blazers,"Stauskas,Nik",2019,159.99999999999997
Portland Trail Blazers,"Swanigan,Caleb",2018,40.15
Portland Trail Blazers,"Swanigan,Caleb",2019,29.950000000000006
Portland Trail Blazers,"Swanigan,Caleb",2020,76.55000000000001
Portland Trail Blazers,"Tolliver,Anthony",2020,89.60000000000001
Portland Trail Blazers,"Trent,Gary",2019,7.500000000000003
Portland Trail Blazers,"Trent,Gary",2020,189.29999999999998
Portland Trail Blazers,"Turner,Evan",2018,383.7
Portland Trail Blazers,"Turner,Evan",2019,479.19999999999993
Portland Trail Blazers,"Vonleh,Noah",2018,99.49999999999999
Portland Trail Blazers,"Whiteside,Hassan",2020,833.0000000000002
Sacramento Kings,"Ariza,Trevor",2020,154.4
Sacramento Kings,"Bagley,Marvin",2019,540.75
Sacramento Kings,"Bagley,Marvin",2020,84.3
Sacramento Kings,"Barnes,Harrison",2019,209.70000000000005
Sacramento Kings,"Barnes,Harrison",2020,504.90000000000003
Sacramento Kings,"Bazemore,Kent",2020,116.34999999999998
Sacramento Kings,"Bjelica,Nemanja",2019,520.2
Sacramento Kings,"Bjelica,Nemanja",2020,537.4499999999999
Sacramento Kings,"Bogdanović,Bogdan",2018,544.05
Sacramento Kings,"Bogdanović,Bogdan",2019,548.7000000000002
Sacramento Kings,"Bogdanović,Bogdan",2020,423.5499999999999
Sacramento Kings,"Brewer,Corey",2019,73.50000000000001
Sacramento Kings,"Burks,Alec",2019,19.150000000000006
Sacramento Kings,"Caboclo,Bruno",2018,14.95
Sacramento Kings,"Carter,Vince",2018,192.64999999999998
Sacramento Kings,"Cauley-Stein,Willie",2018,583.5000000000001
Sacramento Kings,"Cauley-Stein,Willie",2019,677.5999999999999
Sacramento Kings,"Cooley,Jack",2018,23.549999999999997
Sacramento Kings,"Dedmon,Dewayne",2020,125.55000000000003
Sacramento Kings,"Ferrell,Yogi",2019,247.15000000000006
Sacramento Kings,"Ferrell,Yogi",2020,96.04999999999997
Sacramento Kings,"Fox,De'Aaron",2018,504.20000000000005
Sacramento Kings,"Fox,De'Aaron",2019,968.5999999999999
Sacramento Kings,"Fox,De'Aaron",2020,567.85
Sacramento Kings,"Gabriel,Wenyen",2020,12.500000000000002
Sacramento Kings,"Giles,Harry",2019,246.85000000000002
Sacramento Kings,"Giles,Harry",2020,163.89999999999998
Sacramento Kings,"Guy,Kyle",2020,-0.7
Sacramento Kings,"Hayes,Nigel",2018,6.000000000000001
Sacramento Kings,"Hield,Buddy",2018,599.6999999999998
Sacramento Kings,"Hield,Buddy",2019,850.9000000000001
Sacramento Kings,"Hield,Buddy",2020,681.7499999999999
Sacramento Kings,"Hill,George",2018,291.59999999999997
Sacramento Kings,"Holmes,Richaun",2020,369.0
Sacramento Kings,"Jackson,Justin",2018,225.60000000000002
Sacramento Kings,"Jackson,Justin",2019,184.15
Sacramento Kings,"James,Justin",2020,37.900000000000006
Sacramento Kings,"Jeffries,DaQuan",2020,1.9000000000000001
Sacramento Kings,"Johnson,B.J.",2019,-0.1999999999999999
Sacramento Kings,"Joseph,Cory",2020,305.3999999999999
Sacramento Kings,"Koufos,Kosta",2018,390.95000000000016
Sacramento Kings,"Koufos,Kosta",2019,124.60000000000001
Sacramento Kings,"Labissière,Skal",2018,303.8500000000001
Sacramento Kings,"Labissière,Skal",2019,17.050000000000004
Sacramento Kings,"Len,Alex",2020,58.35
Sacramento Kings,"Mason,Frank",2018,241.95
Sacramento Kings,"Mason,Frank",2019,123.89999999999999
Sacramento Kings,"McLemore,Ben",2019,27.300000000000004
Sacramento Kings,"Mika,Eric",2020,2.7
Sacramento Kings,"Papagiannis,Georgios",2018,27.300000000000004
Sacramento Kings,"Parker,Jabari",2020,0.20000000000000068
Sacramento Kings,"Randolph,Zach",2018,489.45
Sacramento Kings,"Richardson,Malachi",2018,31.85000000000001
Sacramento Kings,"Sampson,JaKarr",2018,64.80000000000001
Sacramento Kings,"Shumpert,Iman",2019,211.85
Sacramento Kings,"Swanigan,Caleb",2019,8.5
Sacramento Kings,"Swanigan,Caleb",2020,8.65
Sacramento Kings,"Temple,Garrett",2018,317.20000000000005
Sacramento Kings,"Tolliver,Anthony",2020,6.45
Sacramento Kings,"Williams,Troy",2019,55.099999999999994
San Antonio Spurs,"Aldridge,LaMarcus",2018,943.2000000000002
San Antonio Spurs,"Aldridge,LaMarcus",2019,1038.9499999999998
San Antonio Spurs,"Aldridge,LaMarcus",2020,550.85
San Antonio Spurs,"Anderson,Kyle",2018,597.2499999999998
San Antonio Spurs,"Belinelli,Marco",2019,397.3500000000001
San Antonio Spurs,"Belinelli,Marco",2020,126.94999999999999
San Antonio Spurs,"Bertāns,Dāvis",2018,249.80000000000007
San Antonio Spurs,"Bertāns,Dāvis",2019,368.35
San Antonio Spurs,"Carroll,DeMarre",2020,21.799999999999997
San Antonio Spurs,"Costello,Matt",2018,5.199999999999999
San Antonio Spurs,"Cunningham,Dante",2019,172.69999999999996
San Antonio Spurs,"DeRozan,DeMar",2019,1008.3500000000001
San Antonio Spurs,"DeRozan,DeMar",2020,763.6499999999999
San Antonio Spurs,"Eubanks,Drew",2019,32.9
San Antonio Spurs,"Eubanks,Drew",2020,41.95
San Antonio Spurs,"Forbes,Bryn",2018,203.49999999999997
San Antonio Spurs,"Forbes,Bryn",2019,513.8
San Antonio Spurs,"Forbes,Bryn",2020,315.05
San Antonio Spurs,"Gasol,Pau",2018,647.6
San Antonio Spurs,"Gasol,Pau",2019,101.95000000000002
San Antonio Spurs,"Gay,Rudy",2018,411.65000000000003
San Antonio Spurs,"Gay,Rudy",2019,651.9999999999999
San Antonio Spurs,"Gay,Rudy",2020,371.6000000000001
San Antonio Spurs,"Ginóbili,Manu",2018,384.25
San Antonio Spurs,"Green,Danny",2018,378.05000000000007
San Antonio Spurs,"Hilliard,Darrun",2018,8.450000000000001
San Antonio Spurs,"Johnson,Keldon",2020,24.75
San Antonio Spurs,"Lauvergne,Joffrey",2018,161.35
San Antonio Spurs,"Leonard,Kawhi",2018,94.25
San Antonio Spurs,"Lyles,Trey",2020,300.4999999999999
San Antonio Spurs,"Metu,Chimezie",2019,31.250000000000004
San Antonio Spurs,"Metu,Chimezie",2020,32.6
San Antonio Spurs,"Mills,Patty",2018,506.6999999999999
San Antonio Spurs,"Mills,Patty",2019,503.9500000000001
San Antonio Spurs,"Mills,Patty",2020,356.24999999999994
San Antonio Spurs,"Motiejūnas,Donatas",2019,9.150000000000002
San Antonio Spurs,"Murray,Dejounte",2018,574.1500000000002
San Antonio Spurs,"Murray,Dejounte",2020,520.25
San Antonio Spurs,"Parker,Tony",2018,268.6500000000001
San Antonio Spurs,"Paul,Brandon",2018,93.64999999999998
San Antonio Spurs,"Pondexter,Quincy",2019,68.1
San Antonio Spurs,"Pöltl,Jakob",2019,453.05
San Antonio Spurs,"Pöltl,Jakob",2020,336.20000000000005
San Antonio Spurs,"Walker,Lonnie",2019,24.6
San Antonio Spurs,"Walker,Lonnie",2020,149.05
San Antonio Spurs,"Weatherspoon,Quinndary",2020,-1.2999999999999998
San Antonio Spurs,"White,Derrick",2018,39.4
San Antonio Spurs,"White,Derrick",2019,541.0500000000003
San Antonio Spurs,"White,Derrick",2020,408.45000000000005
San Antonio Spurs,"Šamanić,Luka",2020,-0.6999999999999998
Toronto Raptors,"Anunoby,OG",2018,303.59999999999997
Toronto Raptors,"Anunoby,OG",2019,251.99999999999997
Toronto Raptors,"Anunoby,OG",2020,474.95000000000005
Toronto Raptors,"Boucher,Chris",2019,57.449999999999996
Toronto Raptors,"Boucher,Chris",2020,219.95
Toronto Raptors,"Brissett,Oshae",2020,19.000000000000004
Toronto Raptors,"Brown,Lorenzo",2018,21.050000000000004
Toronto Raptors,"Brown,Lorenzo",2019,40.6
Toronto Raptors,"Caboclo,Bruno",2018,-0.09999999999999992
Toronto Raptors,"Davis,Terence",2020,330.05
Toronto Raptors,"DeRozan,DeMar",2018,1003.5
Toronto Raptors,"Gasol,Marc",2019,360.9000000000001
Toronto Raptors,"Gasol,Marc",2020,242.60000000000005
Toronto Raptors,"Green,Danny",2019,651.0500000000003
Toronto Raptors,"Hayes,Nigel",2018,5.0
Toronto Raptors,"Hernandez,Dewan",2020,1.6
Toronto Raptors,"Hollis-Jefferson,Rondae",2020,280.09999999999997
Toronto Raptors,"Ibaka,Serge",2018,569.3000000000001
Toronto Raptors,"Ibaka,Serge",2019,776.6000000000001
Toronto Raptors,"Ibaka,Serge",2020,491.30000000000007
Toronto Raptors,"Johnson,Stanley",2020,13.85
Toronto Raptors,"Leonard,Kawhi",2019,1328.0499999999995
Toronto Raptors,"Lin,Jeremy",2019,83.10000000000002
Toronto Raptors,"Lowry,Kyle",2018,1111.1000000000004
Toronto Raptors,"Lowry,Kyle",2019,1077.15
Toronto Raptors,"Lowry,Kyle",2020,710.5500000000001
Toronto Raptors,"Loyd,Jordan",2019,14.200000000000001
Toronto Raptors,"McCaw,Patrick",2019,69.39999999999999
Toronto Raptors,"McCaw,Patrick",2020,140.15
Toronto Raptors,"McKinnie,Alfonzo",2018,10.150000000000002
Toronto Raptors,"Meeks,Jodie",2019,30.25
Toronto Raptors,"Miles,C.J.",2018,315.0499999999999
Toronto Raptors,"Miles,C.J.",2019,80.25000000000001
Toronto Raptors,"Miller,Malcolm",2018,22.1
Toronto Raptors,"Miller,Malcolm",2019,15.400000000000004
Toronto Raptors,"Miller,Malcolm",2020,11.850000000000005
Toronto Raptors,"Monroe,Greg",2019,117.49999999999999
Toronto Raptors,"Moreland,Eric",2019,14.200000000000001
Toronto Raptors,"Nogueira,Lucas",2018,108.0
Toronto Raptors,"Ponds,Shamorie",2020,2.8
Toronto Raptors,"Powell,Norman",2018,199.99999999999997
Toronto Raptors,"Powell,Norman",2019,370.7
Toronto Raptors,"Powell,Norman",2020,397.75000000000006
Toronto Raptors,"Pöltl,Jakob",2018,491.95000000000005
Toronto Raptors,"Richardson,Malachi",2018,0.6000000000000001
Toronto Raptors,"Richardson,Malachi",2019,13.950000000000001
Toronto Raptors,"Siakam,Pascal",2018,449.0
Toronto Raptors,"Siakam,Pascal",2019,1092.2000000000003
Toronto Raptors,"Siakam,Pascal",2020,658.05
Toronto Raptors,"Thomas,Matt",2020,80.95
Toronto Raptors,"Valančiūnas,Jonas",2018,783.55
Toronto Raptors,"Valančiūnas,Jonas",2019,236.95000000000002
Toronto Raptors,"VanVleet,Fred",2018,444.79999999999995
Toronto Raptors,"VanVleet,Fred",2019,564.5499999999997
Toronto Raptors,"VanVleet,Fred",2020,557.2999999999998
Toronto Raptors,"Watson,Paul",2020,1.5500000000000003
Toronto Raptors,"Wright,Delon",2018,504.25000000000006
Toronto Raptors,"Wright,Delon",2019,236.10000000000002
Utah Jazz,"Allen,Grayson",2019,78.25000000000001
Utah Jazz,"Bogdanović,Bojan",2020,660.9500000000002
Utah Jazz,"Bradley,Tony",2018,4.300000000000001
Utah Jazz,"Bradley,Tony",2019,14.150000000000002
Utah Jazz,"Bradley,Tony",2020,183.49999999999997
Utah Jazz,"Brantley,Jarrell",2020,3.0
Utah Jazz,"Burks,Alec",2018,300.95
Utah Jazz,"Burks,Alec",2019,61.74999999999999
Utah Jazz,"Cavanaugh,Tyler",2019,4.1000000000000005
Utah Jazz,"Clarkson,Jordan",2020,250.55
Utah Jazz,"Conley,Mike",2020,315.50000000000006
Utah Jazz,"Crowder,Jae",2018,195.35000000000008
Utah Jazz,"Crowder,Jae",2019,518.4
Utah Jazz,"Davis,Ed",2020,44.199999999999996
Utah Jazz,"Exum,Dante",2018,106.85000000000001
Utah Jazz,"Exum,Dante",2019,164.5
Utah Jazz,"Exum,Dante",2020,21.1
Utah Jazz,"Favors,Derrick",2018,709.1000000000001
Utah Jazz,"Favors,Derrick",2019,703.5000000000003
Utah Jazz,"Gobert,Rudy",2018,781.1999999999999
Utah Jazz,"Gobert,Rudy",2019,1156.3500000000004
Utah Jazz,"Gobert,Rudy",2020,828.1499999999999
Utah Jazz,"Green,Jeff",2020,105.5
Utah Jazz,"Hood,Rodney",2018,287.6
Utah Jazz,"Ingles,Joe",2018,880.7499999999999
Utah Jazz,"Ingles,Joe",2019,862.7000000000003
Utah Jazz,"Ingles,Joe",2020,543.15
Utah Jazz,"Jerebko,Jonas",2018,237.95000000000005
Utah Jazz,"Johnson,Joe",2018,124.30000000000001
Utah Jazz,"Kidd,Stanton",2020,0.5
Utah Jazz,"Korver,Kyle",2019,235.35000000000005
Utah Jazz,"McCree,Erik",2018,0.9000000000000001
Utah Jazz,"Mitchell,Donovan",2018,964.4000000000001
Utah Jazz,"Mitchell,Donovan",2019,931.1
Utah Jazz,"Mitchell,Donovan",2020,748.0500000000003
Utah Jazz,"Mitrou-Long,Naz",2018,1.9999999999999998
Utah Jazz,"Mitrou-Long,Naz",2019,13.100000000000001
Utah Jazz,"Morgan,Juwan",2020,13.3
Utah Jazz,"Mudiay,Emmanuel",2020,228.54999999999995
Utah Jazz,"Neto,Raul",2018,137.15
Utah Jazz,"Neto,Raul",2019,137.74999999999997
Utah Jazz,"Niang,Georges",2018,6.35
Utah Jazz,"Niang,Georges",2019,128.89999999999998
Utah Jazz,"Niang,Georges",2020,168.65
Utah Jazz,"O'Neale,Royce",2018,300.30000000000007
Utah Jazz,"O'Neale,Royce",2019,353.75
Utah Jazz,"O'Neale,Royce",2020,323.45
Utah Jazz,"Oni,Miye",2020,1.6
Utah Jazz,"Rubio,Ricky",2018,828.55
Utah Jazz,"Rubio,Ricky",2019,696.4000000000002
Utah Jazz,"Sefolosha,Thabo",2018,217.99999999999997
Utah Jazz,"Sefolosha,Thabo",2019,156.10000000000002
Utah Jazz,"Stockton,David",2018,4.200000000000001
Utah Jazz,"Tucker,Rayjon",2020,5.600000000000001
Utah Jazz,"Udoh,Ekpe",2018,178.09999999999997
Utah Jazz,"Udoh,Ekpe",2019,110.94999999999997
Utah Jazz,"Williams-Goss,Nigel",2020,5.800000000000001
Utah Jazz,"Wolters,Nate",2018,-0.9999999999999996
Washington Wizards,"Ariza,Trevor",2019,377.25000000000006
Washington Wizards,"Baker,Ron",2019,1.3000000000000003
Washington Wizards,"Beal,Bradley",2018,1074.6
Washington Wizards,"Beal,Bradley",2019,1176.2999999999997
Washington Wizards,"Beal,Bradley",2020,913.7000000000002
Washington Wizards,"Bertāns,Dāvis",2020,445.70000000000005
Washington Wizards,"Bonga,Isaac",2020,208.0000000000001
Washington Wizards,"Brown,Troy",2019,156.45000000000002
Washington Wizards,"Brown,Troy",2020,401.4
Washington Wizards,"Bryant,Thomas",2019,532.8000000000001
Washington Wizards,"Bryant,Thomas",2020,325.64999999999986
Washington Wizards,"Chiozza,Chris",2020,32.7
Washington Wizards,"Dekker,Sam",2019,140.99999999999997
Washington Wizards,"Frazier,Tim",2018,218.75000000000009
Washington Wizards,"Gortat,Marcin",2018,585.0
Washington Wizards,"Green,Jeff",2019,535.25
Washington Wizards,"Hachimura,Rui",2020,279.35
Washington Wizards,"Howard,Dwight",2019,77.15
Washington Wizards,"Jenkins,John",2019,4.8
Washington Wizards,"Johnson,Wesley",2019,8.650000000000002
Washington Wizards,"Lawson,Ty",2018,20.3
Washington Wizards,"Mahinmi,Ian",2018,331.75000000000017
Washington Wizards,"Mahinmi,Ian",2019,106.05000000000001
Washington Wizards,"Mahinmi,Ian",2020,216.84999999999997
Washington Wizards,"Mathews,Garrison",2020,49.65
Washington Wizards,"McCullough,Chris",2018,17.049999999999997
Washington Wizards,"McRae,Jordan",2019,81.55
Washington Wizards,"McRae,Jordan",2020,182.25000000000003
Washington Wizards,"Meeks,Jodie",2018,227.5
Washington Wizards,"Miles,C.J.",2020,27.95
Washington Wizards,"Morris,Markieff",2018,556.5000000000001
Washington Wizards,"Morris,Markieff",2019,206.50000000000006
Washington Wizards,"Napier,Shabazz",2020,140.55
Washington Wizards,"Oubre,Kelly",2018,468.50000000000006
Washington Wizards,"Oubre,Kelly",2019,169.75000000000003
Washington Wizards,"Parker,Jabari",2019,267.59999999999997
Washington Wizards,"Pasečņiks,Anžejs",2020,87.1
Washington Wizards,"Payton,Gary",2019,10.400000000000002
Washington Wizards,"Payton,Gary",2020,100.40000000000002
Washington Wizards,"Porter,Otto",2018,755.7500000000001
Washington Wizards,"Porter,Otto",2019,319.05
Washington Wizards,"Portis,Bobby",2019,233.15
Washington Wizards,"Randle,Chasson",2019,156.95
Washington Wizards,"Rivers,Austin",2019,108.85000000000004
Washington Wizards,"Robinson,Devin",2018,1.9
Washington Wizards,"Robinson,Devin",2019,27.550000000000004
Washington Wizards,"Robinson,Jerome",2020,40.35
Washington Wizards,"Robinson,Justin",2020,11.700000000000001
Washington Wizards,"Satoranský,Tomáš",2018,471.4
Washington Wizards,"Satoranský,Tomáš",2019,623.7500000000002
Washington Wizards,"Schofield,Admiral",2020,30.599999999999998
Washington Wizards,"Scott,Mike",2018,390.10000000000025
Washington Wizards,"Sessions,Ramon",2018,61.7
Washington Wizards,"Smith,Ish",2020,419.3999999999999
Washington Wizards,"Smith,Jason",2018,38.800000000000004
Washington Wizards,"Smith,Jason",2019,29.4
Washington Wizards,"Thomas,Isaiah",2020,254.00000000000009
Washington Wizards,"Wagner,Moritz",2020,235.35000000000002
Washington Wizards,"Wall,John",2018,694.0500000000001
Washington Wizards,"Wall,John",2019,452.85
Washington Wizards,"White,Okaro",2019,-0.39999999999999997
Washington Wizards,"Williams,Johnathan",2020,35.400000000000006
